52,-0.7593367960717943,-0.6402061581611633,0.015000303586324057,-0.34816080662939286,-0.6484843409723706,-0.2052243095305231,-1.2264903485774994,0.10310130649142796,0.15677821180886692,-1.5930963887108698,1.1894514958063762,-0.9937311543358697,1.8408136500252619,-1.3061426877975464,0.6029404724637667,0.9067478643523322,0.130072178112136,-0.6784318917327457,0.4588836456338565,-0.010460728572474586
64,-0.5988198286957211,-0.3127025233374702,-0.36588692996237016,-0.7294018276863627,-0.903011679649353,0.18868087397681343,-1.3015968335999384,0.08344131211439769,0.6948900355233086,-1.848848329650031,1.5327709052297804,-1.237232996357812,2.0833003520965576,-1.7137805190351274,0.4768709105749925,0.8137960566414727,0.14320675200886196,-0.40328338907824623,0.2261351297299067,0.12294323576821221
19,-1.1206242044766743,-0.23414764801661173,-0.29757826568351853,-0.36454693890280193,-1.2141566475232441,-0.4499957867794567,-1.5666743914286296,-0.09141764210330115,0.6445818311638303,-2.102149566014608,1.6109543641408284,-1.243247111638387,2.1058779292636447,-0.6313843975464503,0.40662356052133775,0.7120329100224707,0.13892879750993517,-0.693429516421424,0.5588522004998393,-0.3806406458218892
53,-0.8769055091672473,-0.7078111635314094,-0.19931332601441276,-0.3902773360411326,-1.4687409665849473,-0.5162486467096541,-1.6222423050138686,0.38421207169691723,0.6926393343342675,-2.038938734266493,1.798997203509013,-1.140913102361891,2.388369639714559,-1.4499096075693767,0.7812087999449836,1.2736675606833563,-0.40598449607690174,-0.7432942357328203,0.3611293335755666,-0.020999862088097468
91,-0.45780740016036564,-0.06728630595737034,0.18658686180909476,-0.6533386939101749,-0.4390093493792746,0.11138029230965509,-1.3896711998515658,0.1491550389263365,0.16479236860242155,-1.4833410580952961,1.4112023380067613,-1.145744588640001,2.2116984261406794,-1.3529715935389202,0.5930963605642319,0.7816465364562141,0.04938351114590963,-0.848450243473053,0.4093168278535207,0.007062434322304196
21,-0.5725361108779907,0.16202520413531196,-0.38679519461260903,-0.4926803434888522,-1.0432979332076178,-0.16310367981592813,-1.575569709142049,0.798464255200492,0.40002457942399716,-2.096919165717231,1.114157150189082,-1.314177738295661,2.423689696523878,-1.3852499723434448,0.5265928126043744,0.7988958259423574,-0.23323983864651787,-0.6664407187037997,0.15490123629570007,-0.004740506410598755
36,-0.5813105404376984,-0.3639233691824807,-0.3264230721526676,-0.3084254082706239,-0.9937876667827368,-0.5085985023114417,-2.032435894012451,0.34603021211094326,0.5735695362091064,-2.1717145840326944,2.020511759652032,-1.4079675939348009,2.414172569910685,-1.2315452297528584,0.9114088283644782,1.515533400906457,-0.12265254722701179,-0.8272394918733172,0.6102543837494321,-0.343273998134666
54,-0.6836691863007016,-0.14157635304662916,-0.2887843996286392,-0.6625449260075887,-1.2041157881418865,-0.5617207156287299,-1.4600111378563776,0.1660996973514557,0.6218785809146034,-2.1888981925116644,1.7212412224875555,-1.4481629133224487,2.605680227279663,-1.0908638834953308,0.4928816532095273,0.8163841697904799,-0.010162964877155092,-0.789185192849901,0.6763559381167094,0.08696292920245065
93,-0.8692203296555413,0.2970357967747582,0.25487568643358016,-0.29398035092486274,-0.7440859542952644,-0.49695457766453427,-1.6696952250268724,0.5249416828155518,0.5611575531462828,-1.6360650195015802,1.516305638684167,-1.1715120209587946,2.3515455060535007,-1.268819702996148,1.118830634488,0.7789160741700066,0.44402717302242917,-1.090739323033227,0.48575355112552643,-0.4206206169393327
67,-0.7529490093390147,-0.9449481070041656,0.08205744789706336,-0.36311297284232247,-1.2938670449786716,-0.7987462944454617,-1.2927742799123128,-0.1888212114572525,0.7011501457956102,-1.5458762910630968,2.039318952295515,-1.0134868158234491,2.2027884324391684,-1.3005176848835416,0.9482554064856635,1.0410233835379283,-0.18439052667882708,-0.8575789464844598,0.7405861218770345,-0.02425498929288652
79,-0.6196651690536075,-0.2630285955965519,0.4129643970065647,-0.40916577147112954,0.06763372901413175,0.021088406443595886,-0.6991240812672509,-0.32517805529965293,0.048324604622191854,-1.1506018307473924,0.6951568722724915,-0.9792886111471388,1.7308386431799994,-1.1107963456047907,0.4185877806610531,0.3031347617506981,0.24957193268669975,-0.2967534429497189,0.13242358879910576,-0.054795055753654905
32,-0.641345371802648,0.1237331082423528,-0.4366718745893902,-0.920083310869005,-0.6762682265705533,-0.05835061106416914,-1.2295860979292128,0.2848411483897103,0.3778698676162296,-1.8654367857509189,1.1079726152949863,-1.1722600195142958,2.3473690350850425,-1.243901080555386,0.4682016273339589,0.32257624136077034,-0.10714121866557333,-0.5351337922943963,0.553590709136592,-0.10155478368202846
17,-0.7572219570477804,-0.3305620269642936,-0.35275576180881923,-0.440374949740039,-1.0775969790087805,-0.0681406772798962,-1.7377918031480577,0.2895184937450621,0.42216625851061607,-1.8611433903376262,1.6786952945921156,-1.3765660259458754,2.2905959950553045,-1.1636965870857239,0.5737973964876599,0.7086418006155226,-0.06970578100946215,-0.9384041362338595,0.6265609396828545,-0.16177120390865538
69,-0.574550492895974,-0.18356941640377045,-0.07043230864736769,-0.7988090084658729,-0.7059444917572869,-0.19054625514480802,-1.981354792912801,0.4122425632344352,0.3596188666092025,-1.7565336558553908,1.6355085108015273,-1.272092580795288,2.6546469264560275,-1.3926893671353657,0.9224772585762872,0.9744913578033447,-0.4116993529929055,-1.104630947113037,0.38563913769192165,-0.5406396389007568
35,-0.9640670220057169,-0.7219574285878075,-0.3530323952436447,-0.37607437123854953,-1.28868654039171,-0.3498719433943431,-1.532820130387942,-0.36740491290887195,0.8722232315275404,-1.8621976905398898,1.6893764171335433,-1.3256064852078755,2.008524047003852,-1.1917509966426425,0.3020883997281392,1.2404587061868773,-0.02302662283182144,-0.3264167606830597,0.42072710539731717,-0.020140124691857234
40,-0.6502188237177001,-0.023230251338746812,0.05050288306342231,-0.48971399830447304,-0.36302293050620293,-0.1627376741833157,-0.6017708873583211,0.12213990423414442,0.4011289446304242,-1.2763266563415527,0.7099294993612502,-0.5935183001889123,1.5835985872480605,-1.141295697953966,0.7274296234051386,0.1413549871908294,-0.016923149426778156,-0.21361357635921902,-0.0698812926808993,-0.30093812942504883
11,-0.6477596561113993,-0.6180616269508997,-0.139474555850029,-0.3888978163401286,-1.1646831731001537,-0.6947545442316267,-1.780499471558465,0.2328445166349411,0.6763357288307614,-2.1355469756656222,1.4860028227170308,-1.697891288333469,2.824101342095269,-1.7128891282611423,0.4527496364381578,1.1937583552466497,-0.33055075506369275,-0.6590987741947174,-0.1450117760234409,-0.15381384061442482
31,-0.7122380004988776,-0.8351479967435201,-0.11870553758409289,-0.41783146891329026,-1.1460439827707078,-0.3547171677152316,-1.27102629840374,-0.2893117252323363,0.5923207402229309,-1.541526774565379,2.1013720300462513,-1.0141601396931543,1.832790732383728,-0.9901112914085388,0.5946044276158015,1.0348388718234167,0.06780443588892619,-0.8231582889954249,0.7646120091279348,-0.043748250438107386
44,-0.8285437358750237,-0.17209053701824611,-0.21527547306484646,-0.410200122743845,-1.00324157708221,-0.3284747004508972,-1.5208753032816782,0.1965765638483895,0.3728811571167575,-1.9040016531944275,1.287413078877661,-1.2975601355234783,2.20825187365214,-0.9966028763188256,0.5163082811567519,0.42015115088886684,0.33623255954848397,-0.9382000764211019,0.6718388994534811,-0.3236405650774638
56,-0.5296597762240304,-0.13833597633573744,-0.3737027653389507,-0.853986950384246,-0.5246651238865323,0.07195449123779933,-1.1657406489054363,0.3513552298148473,0.3538626299964057,-1.5951696634292603,0.8915587067604065,-1.0540195107460022,2.0088734361860485,-1.4447426398595173,0.45423315631018746,0.5740132762326134,-0.1508689969778061,-0.368770291407903,0.1254553861088223,0.009468379947874282
66,-0.49874013993475175,-0.4925175259510676,-0.19219215710957846,-0.3594207266966502,-1.22218124071757,-0.3052594256069925,-1.8022387160195246,0.37084953321350944,0.4798624863227208,-1.6767066253556147,1.9238904979493883,-1.269981198840671,2.3642044332292347,-1.5956106781959534,0.9592341308792433,1.4715134369002447,-0.49748362435234916,-0.9318370752864413,0.4548327310217751,-0.0687571151389016
68,-0.6173138287332323,-0.49737432185146546,0.36244599355591667,-0.473245485789246,-0.33765088352892136,-0.5413855016231537,-1.4134346180491977,-0.01681655810938941,0.6336987217267355,-1.356878035598331,1.5483237041367426,-1.1391235854890611,2.9151559670766196,-2.0765369865629406,1.4985127647717793,0.8600624799728394,-0.6952081819375356,-0.6869248449802399,-0.05111694998211331,-0.5394903851879967
4,-1.0344368881649442,-0.6528196003701952,0.01895917910668585,-0.6704382606678538,-1.2325041509336896,-0.25412706699636245,-1.4659072028266058,-0.20821324984232584,0.8073283897505866,-2.548689431614346,1.8804942965507507,-1.5925136274761624,2.4053434001074896,-1.494744645224677,0.10081421873635715,1.201226943069034,0.45983561542299056,-0.569580502808094,0.13458063701788583,0.19012857642438677
88,-0.8636556930012174,-0.03883703384134504,0.23335441698630652,-0.4753566053178575,-1.0417541861534119,-0.5313080747922262,-1.7517213026682537,0.2592314879099528,0.19136432889435026,-2.007068011495802,1.190632892979516,-1.7049346764882405,2.911381244659424,-1.2495535612106323,0.31784675684240127,1.0961895717514887,-0.06312735627094905,-0.8523789180649651,0.31264911260869765,0.02175138145685196
74,-1.1325218346383836,-0.15759816683000988,-0.4386565387248993,-1.002287917666965,-1.211306134859721,-0.25276242196559906,-1.6237332688437567,0.31119300342268413,0.5275548779302173,-2.43348585234748,1.9339882267846003,-1.0403367082277934,2.364025447103712,-1.2042743696106806,0.7891995708147684,1.022250834438536,0.13074305653572083,-0.9915762278768752,1.0743396911356184,-0.23518424812290403
6,-0.9476955996619331,-0.43510692111319965,0.15313375658459133,-0.4548049304220412,-1.1854574316077762,-0.5794984731409285,-1.6056390007336934,-0.070628113216824,0.4963299718995889,-1.8569679525163438,2.049396355946859,-1.4372511174943712,2.489145278930664,-0.9518101811408997,0.5756619638866849,1.0995144479804568,0.11527872416708204,-1.0985970099767048,0.7667984465758005,-0.03620976540777418
2,-0.7032676438490549,-0.8240427209271325,-0.15436389048894247,-0.7342899243036906,-1.2039793796009488,-0.3778233726819356,-1.0969502594735887,0.001325063407421112,0.4841628231936031,-1.5588159958521526,1.42605812019772,-0.9224686887529161,2.2512274980545044,-1.4329833057191637,0.714243127240075,0.8075693845748901,-0.5625265443490611,-0.6304514110088348,0.509014233118958,0.11882191234164768
24,-0.7171929611100091,-0.41654477020104724,-0.163691908121109,-0.33686132811837727,-1.0847142454650667,-0.36927209628952873,-1.1437681913375854,0.2494144472810957,0.43316805197132957,-1.4117712312274509,1.092317369249132,-1.0697027179929945,2.150538523991903,-1.269956284099155,0.7259383466508653,0.6960522996054755,-0.4497350603342056,-0.44322357989019817,0.21650157372156778,0.09338642987940046
65,-0.8974392943912082,-0.3514621936612659,-0.23774365997976726,-0.5603488451904721,-0.8836199839909872,-0.04243470562828912,-1.3438356320063274,0.12863307032320234,0.6870577699608273,-2.0951740741729736,1.8616970380147297,-1.0578772094514635,2.187806010246277,-1.3074574669202168,0.8343564888669385,0.438155773613188,-0.06543706978360812,-0.7771003776126437,0.3189520123932097,-0.4768180830611123
86,-1.0032554136382208,-0.1938488632440567,-0.014855710168679556,-0.9070147275924683,-0.8345648464229372,-0.333530025349723,-1.2289801372422113,0.22043625513712564,0.6422657834159003,-1.7830838627285428,1.4024223354127672,-1.0278052886327107,2.322711123360528,-1.5021571848127577,0.7686078068282869,0.6062827971246507,0.21735700882143444,-0.7598592903878953,0.37119151320722366,-0.14297554890314737
16,-0.9416009916199578,-0.7008476621574826,-0.05253519614537557,-0.47366437978214687,-1.1850584381156497,-0.5410178585184945,-1.8558123773998685,0.037779865993393794,0.4192997482087877,-1.8369735479354858,2.1955429911613464,-1.1351245045661926,2.4897399478488498,-1.1290101342731051,1.113275761405627,1.2608154680993822,-0.3420258280303743,-1.1672439409626856,1.0194824735323589,-0.4512491317258941
8,-0.5552859687142901,-0.02126915090613895,-0.713982794019911,-0.6122973221871588,-0.8750290407074822,-0.01950748513142268,-1.050750520494249,0.4818252854877048,0.345143655108081,-1.8755710389879015,1.0827999711036682,-0.8041766948170133,1.5634399851163228,-0.77733447154363,0.32563796805010903,0.7215502940946155,-0.06739766606026226,-0.36784009801016915,0.550274945795536,0.056676238775253296
73,-1.0538270341025457,-0.5530487762557136,-0.17799478107028538,-0.5700583557287852,-1.3654971387651231,-0.8796840144528283,-1.234261803328991,-0.050926600065496236,0.7198058995935652,-2.0361245473225913,1.6237817804018657,-1.1522122787104712,2.4660591350661383,-1.0089073446061876,0.7360765933990479,0.9402150677310096,-0.19456976569361156,-0.6411742634243436,0.8276369083258841,-0.018524275885687932
59,-0.6430301302009158,-0.5397434325681792,0.44740892201662064,-0.3606622384654151,-0.10069956278635396,-0.3640780167447196,-0.5000268767277399,-0.4162992777095901,0.30984125948614544,-0.916931258307563,0.8577009042104086,-0.5481038987636566,1.455447342660692,-0.8427224672502942,0.6264289600981606,0.36306067804495495,-0.04536989993519253,-0.32005921171771157,0.020410239696502686,-0.32302508585982853
1,-0.8131316105524699,-0.6195938156710731,-0.19909541308879852,-0.3309502742356724,-1.1299961341751947,-0.38816821575164795,-2.044993374082777,0.027851940029197268,0.6852790053106017,-2.0650271574656167,1.9193002780278523,-1.8051762051052518,3.0175916883680554,-1.6739158928394318,0.7586982001860937,1.4102420277065701,-0.5048392646842532,-0.6682882044050429,0.16065761860873964,-0.22802443388435575
94,-0.8786069717672136,-0.3848053713639577,0.21819421483410728,-0.35811935861905414,-0.8314029375712076,-0.26461345371272826,-1.1310655275980632,-0.05398010048601362,0.09752615417043368,-1.5258288780848186,0.7420201893481944,-1.1648220883475409,1.87372178501553,-0.605517660578092,0.01592965258492364,0.6650910096036063,-0.25958521995279527,-0.3766218481792344,-0.19946486668454277,0.003253699176841312
47,-0.8142408000098335,-0.11468403538068135,0.06439943446053399,-0.9997033609284295,-0.6267911725574069,-0.35892871353361344,-1.0597673787011042,-0.10204626288678911,0.4048411546068059,-1.6279835833443537,1.2962651915020413,-0.6948332786560059,2.05182245042589,-0.9081103801727295,0.8444617986679077,0.7221859610742993,-0.30756140417522854,-0.4909834770692719,0.6470902247561349,-0.3088934471209844
25,-0.5525660167137781,-0.47916218969557023,0.2942265354924732,-0.4386114047633277,-0.6047195593516032,-0.32670993606249493,-1.3366359207365248,0.080513134598732,0.237056917614407,-1.5695757336086698,1.599628700150384,-1.0342506567637126,2.4352910783555775,-1.4362793233659532,1.0666324860519834,0.876157450179259,-0.43409838279088336,-0.7882653309239281,0.44638295968373615,-0.3636725842952728
78,-0.9134983486599393,-0.501397347698609,0.0323421855767568,-0.3761044674449497,-0.6807132893138461,-0.25627435992161435,-1.7193014886644151,0.025297337108188205,0.34336921696861583,-1.8839803205596075,1.823537892765469,-1.2433190941810608,2.619739188088311,-1.5722255110740662,1.3280671106444464,1.1522514555189345,-0.3742189746763971,-0.8469101720386081,0.7269508010811276,-0.5095866918563843
89,-0.603693061404758,-0.13089923395050895,0.5011292580101225,-0.14595649681157535,-0.5336157596773572,-0.3579198113746113,-1.6332423289616902,0.3714994258350796,0.11885875194436973,-1.3877578443951077,1.3328477872742548,-1.0443885293271806,2.2649307780795627,-1.3823434246910944,1.1990409758355882,1.0623041126463149,-0.08334171068337229,-0.9545713000827365,0.18510484447081885,-0.4928678398331006
20,-1.057887805832757,0.11894085258245468,-0.03171874417199029,-0.1678609848022461,-1.1819211045900981,-0.3979385213719474,-1.2397297090954251,0.2859829059905476,0.479622027112378,-2.0379516151216297,1.5609503322177463,-1.1312527524100409,2.3440240886476307,-1.0056645936436124,0.7332268688413832,0.6469475759400262,0.13694828045037058,-0.8504133058918847,0.5518213626411226,-0.05617486602730221
38,-0.7511830727259318,-0.2824508117304908,-0.5435540477434794,-0.49570369554890525,-1.1209567255443997,0.1524321801132626,-1.6615016460418701,0.13448475384049946,0.5255246029959785,-1.9559053050147162,1.9261030753453572,-1.318858802318573,1.978346096144782,-1.1708154214753046,0.4991244019733535,1.1267919772201114,0.1645782652000586,-0.7595165802372826,0.8115866067301896,0.06014219174782435
82,-0.652416898144616,-0.1563605848285887,0.6234648840294944,-0.3285750101010005,-0.21933343592617247,-0.5071611180901527,-1.2624577979246776,0.07935745020707448,0.2596704777744081,-1.499250504705641,1.5367055535316467,-1.01245696677102,2.428169369697571,-1.3883303271399603,1.1894800927903917,0.8127164708243476,-0.02278784579700894,-0.9400559696886275,0.24232440772983763,-0.5446638796064589
96,-0.7704847719934251,-1.0061947637134128,-0.6739684757259157,-0.537047404381964,-1.5789497296015422,-0.3790997332996792,-1.8581671913464863,-0.14912093182404837,0.5988290508588155,-2.141250080532498,1.79460781150394,-1.496491253376007,2.3406867186228433,-1.0341681275102828,0.25510120060708785,1.1098047229978774,-0.5635890579885907,-0.6758317839768198,0.518071151441998,-0.059058149655659996
60,-0.7319460776117113,-0.19862889581256443,0.1580858752131462,-0.1961487556497256,-0.5795086589124467,-0.567681661910481,-1.2902041806115045,0.0537437970439593,-0.007079287535614437,-1.5770302878485785,1.3518092036247253,-1.0351980527242024,2.2003715435663858,-0.7317188448376126,0.9990532282325957,0.7057244877020518,-0.08069932543569142,-0.9289331369929843,0.919719848367903,-0.3901359289884567
15,-0.7745069530275133,0.31375469598505235,0.0831958150698079,-0.27662525408797795,-0.4000347444994582,-0.10998950236373478,-1.1840625007947285,0.2907854864994685,-0.06247920708523856,-1.7163979477352567,0.9880576398637559,-1.251151316695743,2.260894709163242,-1.0003379616472456,0.6903285102711784,0.6189831958876716,0.173353405462371,-0.728806714216868,0.7318145963880751,0.0361622671286265
70,-0.5942558464076784,-0.5454331354962455,-0.3601292959517903,-0.5259913868374295,-0.9922997289233737,-0.3348924418290456,-0.865406033065584,-0.34066518147786456,0.5227549076080322,-1.4570615026685927,1.1186531782150269,-0.943390839629703,1.5469028022554185,-0.8866902912656466,0.17840435769822863,0.97883250647121,-0.0907520784272088,-0.08155234654744466,0.47725805391867954,0.24053010841210684
29,-0.15439611838923561,-0.2310702366133531,0.034358067644966975,-0.33859387205706704,-0.7625030411614312,-0.3232577343781789,-1.2452241314782038,0.36929789351092446,0.12947893804974026,-0.8603610462612576,1.1670422355333965,-0.9586091306474473,1.843957781791687,-1.2163313031196594,0.6566985638605224,0.6705372101730771,-0.2979968562722206,-0.97837409708235,0.5612016552024417,0.1298470894495646
5,-0.8429942660861545,-0.19004149238268533,-0.09938384178611967,-0.6293725768725077,-0.9872697061962552,-0.5121417939662933,-1.1542834010389116,0.06429138282934825,0.701358770330747,-1.8589510652754042,1.422048634952969,-1.2023603518803914,2.606279108259413,-1.4401501549614801,0.8111728181441625,0.5681889024045732,-0.4391172391672929,-0.5755413927965694,0.2568967276149326,-0.1629988294508722
87,-1.1481260524855719,-0.4481029171082709,0.306117981672287,-0.47642432981067234,-1.0584957036707137,-0.23793885360161462,-1.8930046955744426,0.09621894359588623,0.5710032747851478,-1.8651274972491794,1.8295575777689617,-1.3139283392164443,2.2751661671532526,-1.2077959444787767,0.6118359648519092,1.2688998116387262,0.07448559999465942,-0.978112002213796,0.11798038049083617,-0.31685694141520393
57,-0.8475662668546041,-0.5547763009866079,0.42227402826150257,-0.2779569774866104,-1.0448554522461362,-0.4839416742324829,-1.409500264459186,0.21940525207254621,0.43628278291887707,-1.58154786295361,1.6760778493351407,-1.0920843150880601,2.27306424246894,-1.6169373856650457,1.0289073747893174,0.9375199178854624,0.1963358223438263,-1.0338336891598172,0.3977545350790024,-0.10511671586169137
43,-0.8823345171080695,-0.8946224914656745,-0.06223187761174308,-0.4142299195130666,-0.8730923334757487,-0.6206284993224673,-1.2455423610905807,-0.47773928774727714,0.5013133270872964,-1.9444568554560344,1.7069764931996663,-1.295675363805559,2.3237871991263495,-0.9604406919744279,0.6650056706534492,1.209518026974466,-0.355577301647928,-0.3402932352489895,0.546625609199206,-0.1371720400121477
75,-0.5269320689969592,-0.4374297509590785,-0.34518176648351884,-0.33922510345776874,-0.5811633666356405,-0.11141697565714519,-1.6165220936139424,0.29377397563722396,0.16457655860318077,-1.7159252829021878,1.1045860581927829,-1.2795392274856567,2.1897423797183566,-1.2897434499528673,0.627915683719847,0.7967810100979276,-0.3354623367389043,-0.6811990406778123,0.28758705738517976,-0.4646824498971303
81,-0.3010065108537674,-0.5083554635445277,-0.28581032074160045,-0.47856536838743424,-1.0510027209917705,-0.23879925658305487,-1.563816573884752,0.3382066422038608,-0.14114009009467232,-1.293871455722385,1.486358880996704,-1.1213517520162795,2.2030095789167614,-1.313479291068183,0.8963656491703458,1.0710696578025818,-0.35173624091678196,-1.096220029724969,1.3623438080151875,0.2016041096713808
22,-0.63385052813424,-0.5441368603044086,0.029674561487303838,-0.5228476822376251,-0.7926007376776801,-0.5778718458281623,-1.2626975509855483,0.1403366294172075,0.7106840941641066,-1.6183746125962999,1.5899356736077204,-1.0607825219631195,2.5850883060031467,-1.9093606074651082,1.3569232490327623,0.9045502808358934,-0.39114941822157967,-0.5840683132410049,0.2530402292807897,-0.3512220134337743
9,-0.9787770609060923,-0.3440637919637892,-0.04221932672792011,-1.1176811456680298,-0.5346253663301468,0.2165135923359129,-1.6512630780537922,-0.16293334464232126,0.45488715171813965,-1.9354314539167616,1.8957966698540583,-1.0149554080433316,2.1948324839274087,-1.332087066438463,0.9126601583427854,1.1607646611001756,-0.04847936166657342,-0.7434512931439612,0.5824348218739033,-0.3193130675289366
84,-1.024304125044081,-0.5665794925557243,0.07510906954606374,-0.09769165681468116,-1.7029074827829997,-0.6018876201576657,-2.068388819694519,0.34396669268608093,0.3431089081697994,-2.0327507389916315,1.7562767134772406,-1.7577208280563354,2.598612070083618,-1.31169370147917,0.43195851561095977,1.1436452998055353,0.20072975009679794,-1.3883334265814886,0.5309767284327083,0.004711793528662788
80,-0.8246620612012016,-0.3327322238021427,0.2659064316087299,-0.44619041350152755,-0.7381324039565192,-0.7021614842944675,-1.1642954995234807,-0.11347975002394782,0.35278793010446763,-1.5424184931649103,1.4559516112009685,-1.0049934734900792,2.317110240459442,-1.0805559754371643,1.0145980930990643,0.8965524435043335,-0.28204864967200494,-0.6538017888863882,0.5753330381380187,-0.08005692561467488
50,-0.5676099691126082,-0.4547664804591073,0.4979759752750397,-0.2753497324883938,-0.3198648980922169,-0.4489106900162167,-1.1350876192251842,-0.111571052008205,-0.08496255634559526,-1.1456870767805312,1.0446782012780507,-1.0256501767370436,2.0106839338938394,-0.9659370217058394,0.7752664022975497,0.8723369588454565,-0.016827147040102217,-0.7337976892789205,0.5433632483084997,-0.07908923758400811
51,-1.0589669810401068,-0.6667699548933241,-0.2596011526054806,-0.7784343726105161,-1.1966552535692851,-0.1969947334792879,-1.4693133301205106,0.07221673097875383,0.4711851676305135,-2.2653198374642267,2.338581681251526,-1.0593570934401617,2.3972410096062555,-1.3047936624950833,0.9445413019922044,1.0290698607762654,-0.25134993261761135,-1.0872655444675021,1.1230355203151703,-0.15055284897486368
28,-0.8734438485569425,-0.1577632932199372,-0.5720581288139025,-0.7822344857785437,-1.2424522174729242,-0.285169275270568,-1.5736018187469907,0.4154299530718062,0.9747743904590607,-2.3683074712753296,1.8672091828452215,-1.4533565143744152,2.7272300587760077,-1.7377683454089694,0.8835551043351492,0.6821021801895566,-0.0880816380182902,-0.7467116547955407,0.3066300089833223,-0.18920453472269905
61,-0.8005864156617059,-0.7658437324894799,-0.15655359708600575,-0.8094674117035336,-1.2411712209383647,-0.2505178095565902,-1.5753207736545138,0.2100869400633706,0.3808177320493592,-2.0283159017562866,1.978995442390442,-1.2947997848192851,2.6466935210757785,-1.770796795686086,0.89225501815478,1.4323192603058286,-0.3682094274295701,-0.9026638401879205,0.8210178911685944,0.2733861522542106
58,-0.8647022744019827,-0.23431056986252466,0.03441127803590563,-0.5516199295719465,-0.6879363010327021,-0.20433266957600912,-1.3499684598710802,0.06617338458697002,0.1288121309545305,-1.7630257341596816,1.6183700958887737,-1.1612544258435566,2.171825236744351,-1.050750560230679,0.7534827556875017,1.0825266970528498,0.0671442879570855,-0.8423792430096202,0.9954882951246368,-0.04311763743559519
37,-0.8039967781967587,-0.044203428758515254,0.3498796787526872,-0.04870078961054484,-0.28611454119284946,-0.3681897868712743,-1.535734388563368,0.14329104208283955,0.23198751442962223,-1.3805985185835097,1.3237945304976568,-1.1376304295327928,2.32460437880622,-1.0779523228605588,1.2329402565956116,0.6334814640382925,-0.0459886242945989,-0.8307800822787814,0.30845410376787186,-0.7054583628972372
55,-0.8734766046206156,-0.08494972065091133,0.0787844711707698,-0.2937593741549386,-0.8082794580194685,0.019321153561274212,-1.6874506605996027,0.2809808626770973,0.20528563360373178,-1.9166658454471164,1.3131257726086512,-1.4528988202412922,2.3204231924480863,-1.4407157335016463,0.5180561443169912,0.7965793874528673,0.2965461131599214,-0.8696193959977891,0.30666834612687427,-0.2837475703822242
48,-0.36251070102055866,-0.3713807815478908,-0.696266793542438,-0.9297840048869451,-0.9733493129412333,0.12306568688816494,-1.998466796345181,0.6035090121957991,0.48528245588143665,-2.390708247820536,1.829953458574083,-1.405179825094011,2.634635263019138,-1.9103273683124118,0.8280889822377099,0.7673343353801303,-0.25594988962014514,-1.1315866510073345,0.6156700857811503,-0.35355117751492393
90,-0.6275321344534556,-0.6558482382032607,0.2738162825504939,-0.08585353775156869,-0.6443250361416075,-0.1665334618753857,-1.4063658581839666,0.02677768799993727,0.13573630319701302,-1.015411721335517,1.2849409845140245,-0.9046504331959618,1.5536725785997179,-1.0754944450325437,0.6817829542689853,0.8356089327070448,-0.1514501501288679,-0.8747085597780015,0.15106922429468897,-0.422501925792959
100,-0.47886595792240566,-0.34933193359110093,0.13477582070562574,-0.23045507652892006,-0.3868952786756886,-0.6337010711431503,-1.3782947692606184,0.14319561587439644,0.1310060214665201,-1.5456100238694086,1.1221158338917627,-1.2862805591689215,2.2945037417941623,-0.9208621250258552,0.6486408379342821,0.8576020449399948,-0.13277551697360146,-0.6823712901936637,0.34088635444641113,-0.25116440653800964
10,-0.6859514150354598,-0.5905405899716748,0.2352778042356173,-0.7309875984986623,-0.9844398962126838,-0.30802343289057416,-1.4467144542270236,0.0498167657189899,0.20270811683601803,-1.6548965970675151,1.6481949951913621,-1.0520366496509976,2.3764313989215426,-1.213150872124566,0.8434019221199883,0.9563370015886095,-0.37087056040763855,-0.9708859258227878,0.49678248663743335,-0.14680425408813688
72,-0.6740633249282837,-0.12021469821532567,0.012915768557124667,-0.25016947132017875,-0.6801477836238013,-0.0969797604613834,-1.6436541477839153,0.40185028976864284,0.16176194863186943,-1.822226881980896,1.356616227163209,-1.2437995142406888,1.8615208996666803,-0.9321454829639859,0.4971211651961009,0.7471983631451925,0.33467570650908685,-1.0662100844913058,0.19919845293689933,-0.35327773955133224
42,-0.6629033750957913,-0.7955359319845835,0.06197878883944617,-0.33170364962683785,-0.8353337579303317,-0.231859576370981,-1.608615027533637,-0.06699002782503764,0.5037539634439681,-1.7538171410560608,1.982827517721388,-1.4824966589609783,2.6188650263680353,-1.6214728620317247,0.9004616621467803,1.0770261734724045,-0.44535507758458454,-0.7519812915060256,0.18184048102961647,-0.23584717180993822
95,-0.46789537866910297,-0.7489196252491739,-0.7500875145196915,-0.7869002289242215,-0.7342022558053335,0.11612510763936573,-1.5969471401638455,0.14734631776809692,0.4422467764880922,-2.1081480052736072,1.956914848751492,-1.3282338976860046,2.6463089254167347,-1.846708443429735,1.1505452791849773,0.9553904434045156,-0.588953398168087,-0.7012358357508978,0.9207065105438232,-0.16745664096540874
99,-0.556781992316246,-0.6005938318040636,0.07311518655882941,-0.40107960171169704,-0.7823356058862474,-0.22982405622800192,-1.0391040576828852,-0.23183276255925497,0.40789315270053017,-1.5596758259667292,1.3418719040022955,-1.1482492089271545,1.8011242018805609,-1.2030345069037542,0.3383229325215022,1.1702972418732114,0.055041920807626515,-0.2891780717505349,0.16417896737241083,0.2914782961209615
33,-0.9361835188335843,-0.434366329262654,-0.04350249055359098,-0.7493893305460612,-1.273282335864173,-0.4922299202945497,-2.018327236175537,-0.057812159260114036,0.6203023807870017,-2.1689498027165732,1.9890160693062677,-1.7643454472223918,3.0728511810302734,-1.6856241756015353,0.8180238074726529,1.4202080501450434,-0.24285510720478165,-0.8513405952188704,0.5910626898209254,-0.03605148692925771
77,-1.1485640207926433,-0.11790633863872951,0.690222356054518,-0.20706335620747673,-1.1200638943248324,-0.6294401751624213,-2.126157972547743,0.32817622688081527,0.20403178450134066,-1.4898879594273038,1.6513365904490154,-1.2989490826924641,2.5457519160376654,-1.3909371826383803,1.3394547700881958,1.438931941986084,0.14955144789483812,-1.4318626258108351,0.6648963292439779,-0.4366697495182355
23,-0.5665964285532633,-0.2363294694158766,0.38801130652427673,-0.2795734546250767,-0.4436523798439238,-0.2043868833118015,-1.1779250105222066,0.11668508251508077,-0.16981899655527538,-1.4278398884667292,1.2439786593119304,-0.8624477783838908,1.6552294492721558,-0.9171427289644877,0.6433408061663309,1.0212871299849615,0.15773572358820173,-0.9569978449079726,0.7126345460613569,-0.020435111390219793
76,-0.6159619589646658,-0.4265524943669637,0.4683334049251344,-0.07812675088644028,-0.4970518847306569,-0.43656157619423336,-1.3204044434759352,-0.18124335176414913,0.18622440182500416,-1.5490701463487413,1.7650262249840631,-1.1211893690956964,2.0250454213884144,-1.1602288020981684,0.8636287185880873,1.0947044028176203,0.18371367206176123,-0.9302271140946282,0.6277490090061393,-0.16877222143941456
71,-0.8839129408200582,-0.39702919994791347,-0.5279145108328925,-0.4402223080396652,-1.556541124979655,-0.3270579245355394,-1.8772700097825792,0.44346506728066337,0.577851782242457,-2.3479306432935925,1.7501845492257013,-1.4656511147816975,2.4494396580590143,-1.0834140943156347,0.5088620450761583,0.8974579705132378,-0.4215449459022946,-0.954600539472368,0.41166626413663227,-0.2253591161635187
63,-0.7505156596501669,-0.5780657000011868,-0.0378431412908766,-0.7249847087595198,-0.6714631617069244,-0.07632392644882202,-1.2742607990900676,-0.15308636013004515,0.42761023177040947,-1.8365081681145563,1.7307082613309224,-1.3909702897071838,2.4215515587064953,-1.6432667970657349,0.6273535059558021,1.0735719129443169,-0.039757506714926824,-0.6143778612216314,0.4703971909152137,0.15214848518371582
41,-0.5008682906627655,-0.7041588491863675,0.4742574319243431,-0.08358052828245693,-0.21756880833870834,-0.083607769674725,-1.1895832088258531,-0.1771535591946708,0.05407693816555871,-0.9908463127083249,1.688892165819804,-0.8853328426678976,1.8080681694878473,-1.5321199893951416,1.1752902004453871,0.776354945368237,0.12225720451937781,-1.1133355895678203,0.6276886711517969,-0.3557107034656737
7,-0.6062738994757334,-0.5080185896820493,0.25161152912510765,-0.5215639041529762,-0.6495640598651435,-0.28121734658877057,-1.6087325811386108,-0.14406757553418478,0.3696381449699402,-1.8137777381473117,1.4527496099472046,-1.4582738280296326,2.268309619691637,-1.031414310137431,0.21227960536877313,1.4810892409748502,-0.35866620308823055,-0.35339698029889,-0.3043774730629391,-0.14309582279788124
97,-0.9684843884574043,-0.48025740848647225,0.28763695226775277,-0.5991332464747958,-0.7031907902823554,-0.3530828100111749,-1.342038757271237,-0.05765621860822042,0.4797665576140086,-1.7144806252585516,1.7876962688234117,-1.3115599354108174,2.4441643555959067,-1.7027678887049358,0.9071870901518397,0.990095403459337,0.4154097106721666,-1.0100153204467561,0.6723565773831474,-0.03928648597664303
83,-0.6224182032876544,0.10858958462874095,-0.12463689181539747,-0.9067802669273483,-0.6037359486023585,0.15077898568577236,-1.4933144913779364,0.22468690077463785,0.5087609373860889,-1.6653303967581854,1.4507392512427435,-1.1890316274431016,2.4251352416144476,-1.6735964483684964,0.9764511154757606,0.5193248705731498,-0.07467326521873474,-0.817081954744127,0.27508816681802273,-0.366615650554498
26,-0.7547392679585351,-0.7182256728410721,0.17873563120762506,-0.668912281592687,-0.8301659093962775,-0.1698942192726665,-1.3677502473195393,0.1725054532289505,0.1756151273018784,-1.6057717204093933,1.6166821718215942,-0.8689084582858615,2.131357749303182,-1.4620715247260199,0.9757998784383138,1.0981688168313768,-0.45241062011983657,-0.8931270506646898,0.5784342636664709,-0.1734856367111206
13,-0.9638197951846652,-0.05397898662421438,0.4869093696276347,-0.49381643616490895,-0.4476028233766556,-0.29174212200774086,-1.0524805519315932,0.14414488772551218,0.24192396799723306,-1.3474732902314928,1.31608447432518,-0.8580261336432563,2.3023558457692466,-1.2893981668684218,1.1402471396658156,0.2677948938475715,0.16494348231289122,-0.9881061712900797,0.5463533211085532,-0.4146980908181932
30,-1.1606768038537767,-0.08876185946994358,0.039847263859377965,-0.5724439918994904,-1.0002764364083607,-0.4111151827706231,-1.9111879931555853,0.19498852888743082,0.35835401175750625,-1.9685435824924045,1.4735398292541504,-1.3071443902121649,2.4929963085386486,-0.8900712927182516,0.8418552643722959,0.6956905590163337,-0.026835536791218653,-1.0898092918925815,0.5365132918684847,-0.6621638834476471
12,-0.7795951697561476,-0.5769195163415538,-0.2871171087026596,-0.2866259614626567,-0.8004152807924483,-0.270305057366689,-1.2306581007109747,-0.002672819627655877,0.654179122712877,-1.8388695981767442,1.3817318479220073,-1.0551912320984735,1.7295655144585504,-1.1783694823582966,0.4379262874523799,0.9335538612471687,-0.25818480054537457,-0.27082954678270554,-0.10498216996590297,-0.24283611815836695
18,-0.5889594852924347,-0.3206288392345111,-0.4945425060060289,-0.5933401700523164,-0.8331245051489936,-0.2022036454743809,-1.4894681308004591,0.3088809930615955,0.36751127739747363,-1.8525005314085219,1.5008871025509305,-1.2181732389662001,2.449852546056112,-1.360101170010037,0.9145309395260282,0.6122269464863671,-0.4291279680199093,-0.835495240158505,0.6772463224414322,-0.261498812172148
27,-0.7841706607076857,-0.11196570595105489,-0.04964605139361487,-0.5620385905106863,-0.9079737398359511,0.011204827162954543,-1.244701623916626,0.15485207570923698,0.3278260636660788,-1.8287324243121676,1.4187257587909698,-1.4454299476411607,2.566903485192193,-1.5988252560297649,0.715576191743215,0.43645598491032916,0.006855733692646027,-0.8311758736769358,0.5776270776987076,0.05137692309088177
34,-0.6648951338397132,-0.8237359391318427,-0.3896464639239841,-0.2850104603502486,-0.9862028559048971,-0.4442349556419585,-1.1064351267284818,0.11849408017264472,0.7689071065849729,-1.7499025530285306,1.66474445660909,-1.088222708966997,2.145975046687656,-1.5476465622584026,0.8850265343983968,0.6940464427073797,-0.5510634581247965,-0.4810039500395457,-0.032433567775620356,-0.2829119654165374
3,-0.4810119900438521,-0.4535689680940575,-0.604937775267495,-0.8082280448741384,-1.1357692811224196,-0.06791067785686916,-1.5706812739372253,0.21951018770535788,0.20393650068177116,-1.957294954193963,1.708507842487759,-1.174006183942159,1.9959600634045072,-0.9103796746995714,0.3506452143192291,1.1177514410681195,-0.2868019863963127,-0.8056003923217455,0.9537790947490268,0.18481303254763284
98,-0.6276880693104532,-0.4032074792517556,-0.07775321271684435,-0.5585749910937415,-0.7546262310610877,-0.07485566371017033,-1.4921235640843709,0.2810506886906094,0.31874723732471466,-1.3689130014843411,1.891790787378947,-0.8740711543295119,2.021742582321167,-1.237211479081048,1.0516029000282288,0.8932493925094604,-0.3438159128030141,-1.0645662744839985,0.6714862568510903,-0.2626491097940339
46,-1.162550965944926,-0.3742738837997119,-0.3230729757083787,-0.8182048632038964,-0.902268154753579,-0.13242834640873802,-1.5144185754987929,-0.01771274705727895,0.9178628193007575,-2.5082785156038074,1.790905819998847,-1.5326698223749797,2.626918501324124,-1.9569453530841403,0.7548781567149692,0.6891084710756937,0.4020082785023583,-0.6297448525826136,0.17644795609845054,-0.3407802614900801
45,-0.7993751267592112,-0.15561484297116598,0.09206479953394996,-0.591613233089447,-0.7523103654384613,-0.5238409886757532,-1.2313157121340434,0.24219880666997698,0.48631592012113994,-1.8344841400782268,1.1987829738193088,-1.3695422543419733,2.790425035688612,-1.5533311896853976,0.8351662440432442,0.13419645238253805,-0.048546342386139765,-0.8156522181298997,0.2792247640382912,-0.22462629278500876
14,-0.7754256178935369,-0.17903618348969352,-0.36903657929764855,-0.9357943071259393,-1.100705259376102,-0.47598837316036224,-1.7785045239660475,0.38714321288797593,0.618941969341702,-2.1534401973088584,1.7423595322502985,-1.2608114613427057,2.562522623274061,-1.2009122106764052,0.8040349284807841,0.9011009534200033,-0.3014931689120001,-0.9596854117181566,0.5244422629475594,-0.3226240484250916
39,-0.6432556642426385,-0.37221606572469074,-0.049426777495278254,-0.42128132780392963,-1.3354539672533672,-0.5241442256503634,-1.6317668457825978,0.36428583330578274,0.463880255818367,-1.64430253373252,1.8936904536353216,-1.3082606262630887,2.494012541241116,-1.453851408428616,0.7981592060791122,0.8768260975678762,0.0018237204187446171,-1.2374681300587125,0.7610963152514564,0.028646424412727356
85,-1.012904233402676,0.04787188768386841,-0.11725576221942902,-0.3909617198838128,-1.14644455909729,-0.5126159952746497,-1.353727810912662,0.4541130479839113,0.47475380698839825,-2.1380483176973133,1.3962584601508246,-1.2390238245328267,2.4194853173361883,-1.1877907580799527,0.7852176758978102,0.36752402948008644,0.21060047960943645,-1.0098653237024944,0.6597373691490955,-0.21804781754811606
92,-0.5664064751731025,-0.00770374263326327,0.14731999900605944,-0.27853117055363125,-0.5358395559920205,-0.20235410581032434,-0.9200449834267298,0.08536211897929509,-0.038228687105907336,-1.4238198796908061,0.967224238647355,-1.032846298482683,2.0865692032708063,-1.2196205390824213,0.800020264254676,0.5332662761211395,-0.042104137854443655,-0.6450391146871779,0.8205361465613047,0.06878359615802765
62,-0.7101348572307162,0.09614515552918117,-0.009866548909081353,-0.46127987073527443,-1.0248491499159071,-0.2340431809425354,-1.561199016041226,0.49863582849502563,0.20275230374601153,-1.8643072976006403,0.9020569721857706,-1.4858131210009258,2.283830006917318,-1.2561902801195781,0.2109787981543276,0.7586386137538486,0.09541621680061023,-0.7661411497328017,0.06623000548117691,0.025983595185809664
49,-0.7085168560345968,-0.579256084230211,0.30700820684432983,-0.43875448571311104,-0.2703722245577309,-0.4027438155478901,-0.9632114006413354,-0.3443236102660497,0.018487571014298335,-1.4482450021637812,1.2882618241839938,-0.8644892507129245,1.78142069445716,-0.8015379971928067,0.658933725208044,0.948561725517114,0.07234632265236643,-0.6358119166559644,0.6211843258804746,-0.10000236829121907
