label_code,trans_target_f1,delta_f1,trans_target_accuracy,delta_accuracy,div_score,w_dist,log_w_dist,inverse_div_score,sqrt_w_dist,inverse_log_w_dist
V45.11,0.882962213225371,-0.042426123927671866,0.88125,-0.10875000000000001,42.179795967943775,8.988362037187437e-09,-18.527335203373642,0.023708033124673955,9.480697251356272e-05,-0.053974302781433454
041.4,0.6055464629932714,0.004229521798077673,0.6125,-0.3125,144.27239132373427,8.437519841457702e-09,-18.590577429170356,0.006931333090307555,9.185597335752152e-05,-0.053790690677036554
770.89,0.9065025200363546,0.012193576946923579,0.9041666666666668,-0.030833333333333268,32.38515484105588,8.906358079860452e-09,-18.536500424268542,0.03087834549218404,9.437350306023641e-05,-0.053947615629257074
294.10,0.5474173169825345,-0.0047605414566669335,0.5625,-0.25749999999999995,124.88994584459618,8.304248052941803e-09,-18.606498639468324,0.008007049672712053,9.112764702845017e-05,-0.053744663054379735
276.52,0.5647517039922103,0.019297158537664894,0.575,-0.23250000000000015,122.86347622981853,8.661105431551929e-09,-18.564423474533168,0.008139115306565805,9.306506020817871e-05,-0.053866472146135234
560.1,0.5338983050847459,-0.011169393174441766,0.55,-0.31499999999999995,145.33709369199048,8.59636137741732e-09,-18.571926818866316,0.006880555917261403,9.271656474124416e-05,-0.05384470926216168
707.03,0.6416627598062198,0.012358662435598133,0.6458333333333334,-0.21666666666666667,112.72871336956604,8.54469750055165e-09,-18.577954921760114,0.00887085437338075,9.243753296443847e-05,-0.053827237939344616
V43.64,0.5616934899231549,0.008321423393193639,0.575,-0.21250000000000013,121.64601149188815,8.408659218693152e-09,-18.594003802699557,0.008220573677145872,9.169874164181945e-05,-0.0537807785031654
493.20,0.548120524537353,0.010880410391409301,0.5583333333333333,-0.2316666666666667,116.20683212163505,8.483701320959464e-09,-18.585119005842532,0.00860534601746383,9.210701016187348e-05,-0.053806488927277456
244.9,0.5574275362318841,0.007974649869126438,0.5708333333333333,-0.19916666666666671,106.81692515722719,8.43024791787235e-09,-18.591439656364805,0.00936181226456452,9.181638153332089e-05,-0.05378819599146259
V49.86,0.6263075313807531,0.023246767884028574,0.63125,-0.25375000000000003,128.29592047937012,8.866919256497862e-09,-18.540938422657685,0.007794480107111427,9.416432050674959e-05,-0.053934702613432146
530.81,0.5530101317472942,0.021364562127041076,0.5541666666666667,-0.21583333333333332,118.25587293563392,8.407064649715048e-09,-18.594193454836493,0.008456239636777236,9.169004662292984e-05,-0.05378022996420381
998.11,0.5267608217168012,0.0055829781042686655,0.54375,-0.29125,145.75546412649265,8.43839865053533e-09,-18.59047327968909,0.0068608062551408595,9.186075685805844e-05,-0.05379099202883361
788.20,0.5408755274261603,0.012976476122853686,0.5520833333333334,-0.22291666666666665,124.41850276597195,8.211582575025717e-09,-18.617720170179364,0.008037389759310757,9.061778288518053e-05,-0.05371226932509889
V29.0,0.9358341051764948,-0.02301293452002351,0.9354166666666666,-0.039583333333333415,25.472640856275685,8.943347915483398e-09,-18.53235583067328,0.039257806273103026,9.456927574790556e-05,-0.05395968052506739
V30.01,0.898372304387342,-0.015449069069448207,0.8958333333333334,-0.0641666666666666,38.58388086099799,8.744396344630045e-09,-18.5548527594885,0.02591755877545322,9.351147707436796e-05,-0.053894256826620426
401.1,0.5454340980656771,0.027477875884102776,0.5583333333333333,-0.33166666666666667,163.69000771024912,8.665901746803699e-09,-18.56386985147237,0.006109108393287631,9.309082525578822e-05,-0.053868078584955514
112.0,0.5373158756137479,0.021199377945181563,0.5458333333333333,-0.26916666666666667,133.53061898827974,8.462464984441546e-09,-18.587625336448745,0.0074889190777118475,9.19916571458605e-05,-0.053799233732083326
V45.82,0.6693493975903615,-0.0029552689571086255,0.6625,-0.20750000000000002,116.61979504099139,8.447781318364274e-09,-18.589361995927835,0.00857487358512767,9.191181272483029e-05,-0.05379420768819602
331.4,0.543526866209881,-0.010112980533414029,0.55,-0.355,166.4564916237008,8.13424726324604e-09,-18.627182631196334,0.006007575855080774,9.019006188736119e-05,-0.053684983918353024
570,0.6494616494616494,-0.012885390137043262,0.6583333333333333,-0.2366666666666667,113.81077320482045,8.953700916202762e-09,-18.531198879941172,0.00878651442074242,9.46239975703984e-05,-0.05396304936764968
428.32,0.7134297188755021,0.007544015439010732,0.7041666666666667,-0.23083333333333333,106.00148161818763,8.58091985323962e-09,-18.57372472019073,0.0094338304025028,9.263325457544726e-05,-0.053839497196431545
512.1,0.5254237288135593,0.0284929350291403,0.5333333333333333,-0.2766666666666667,138.0846398434992,8.167652342277132e-09,-18.623084320374183,0.0072419350996125904,9.0375064825853e-05,-0.05369679816709908
345.90,0.5139209860239904,0.012857156236756317,0.525,-0.265,137.03495990541342,8.203671311268087e-09,-18.618684061986944,0.007297407907370768,9.057412053819836e-05,-0.0537094886336066
V44.1,0.5593220338983051,0.004528020857404114,0.5666666666666667,-0.3483333333333334,150.82572579076702,8.725685984103502e-09,-18.556994749128645,0.006630168658278163,9.341138037789347e-05,-0.05388803594110817
518.5,0.5172974767596281,0.006748202300445372,0.525,-0.29999999999999993,141.5185134700882,8.430686453964053e-09,-18.591387638358906,0.0070662132853124065,9.181876961691467e-05,-0.05378834648881926
790.7,0.5308003029537995,0.021418981896395572,0.5416666666666666,-0.29333333333333333,145.20097611111208,8.692479124365184e-09,-18.56080765361799,0.006887006043504628,9.323346568891014e-05,-0.05387696584448327
V10.05,0.5413251366120218,0.007426831527275857,0.55,-0.24,119.4027857392752,8.459426400713041e-09,-18.58798446696105,0.008375013981529492,9.197514012336725e-05,-0.053798194300056355
765.27,0.8797835971987121,-0.010004976800388143,0.8770833333333333,-0.07291666666666663,43.39145570587214,8.933555028492828e-09,-18.533451421783305,0.023046011795005775,9.451748530559214e-05,-0.05395649073893756
571.5,0.5665070007369196,-0.018307242825312264,0.5833333333333334,-0.31166666666666665,149.46942179879738,8.634229024947708e-09,-18.567531414227044,0.00669033162746901,9.29205522204195e-05,-0.053857455667680604
280.9,0.5427381648158972,0.011485673386414597,0.5583333333333333,-0.2316666666666667,122.69523752419906,8.82726059716469e-09,-18.545421108611045,0.008150275594867902,9.395350231452094e-05,-0.053921665846437865
300.4,0.5324587706146926,0.0011123470522802492,0.5458333333333333,-0.2466666666666667,125.77224895790073,8.351350909560222e-09,-18.600842525593446,0.007950879532532857,9.138572596177273e-05,-0.05376100564391482
780.09,0.5256150793650793,0.009334600794732473,0.5416666666666666,-0.2383333333333334,132.85613247079093,8.56247447754635e-09,-18.575876614087022,0.007526938963241723,9.253363970765632e-05,-0.0538332602425691
348.4,0.5645624928136139,-0.029461469781359773,0.5645833333333333,-0.3204166666666667,140.5096369522132,8.225651303468309e-09,-18.616008357597995,0.00711694956795096,9.069537641725906e-05,-0.05371720837200081
V43.3,0.6347608958837773,-0.013911179561753584,0.65,-0.21499999999999997,115.37996146162871,8.52311314874968e-09,-18.58048416979923,0.008667016242092996,9.232070812526127e-05,-0.05381991076558719
276.3,0.5892440892440891,0.014787567504958687,0.6,-0.22999999999999998,121.96499869527437,8.537257987618925e-09,-18.578825959435893,0.008199073592403898,9.239728344285304e-05,-0.05382471433788935
518.82,0.5294450335807706,0.010456339554241634,0.5375,-0.27749999999999997,133.36515348071785,8.151248046750529e-09,-18.625094786846923,0.00749821054376533,9.028426245337849e-05,-0.053691001922105755
362.01,0.6909697271202992,-0.024813584927380616,0.7020833333333334,-0.25791666666666657,110.53770326238633,8.701769900030015e-09,-18.559739395191272,0.00904668697183144,9.328327770844041e-05,-0.05388006688601967
693.0,0.5399536985176057,0.0074642470408123884,0.5541666666666667,-0.25583333333333336,131.57460241650807,8.635893854346103e-09,-18.567338615436302,0.007600250972710023,9.292951013723307e-05,-0.05385801491058236
294.8,0.5809128630705395,0.0010809302974302826,0.5916666666666667,-0.22583333333333322,118.09313075102459,8.599795633092798e-09,-18.57152739756317,0.00846789304035217,9.273508307589311e-05,-0.05384586731036529
V17.3,0.6910569105691058,0.001765430748478014,0.6833333333333333,-0.18666666666666665,102.178112550658,8.238507198571522e-09,-18.614446674659334,0.009786831788502834,9.076622278453324e-05,-0.05372171504626802
197.0,0.551765143069491,-0.008103690416548459,0.5645833333333333,-0.3354166666666667,161.76929492993565,8.019860265231215e-09,-18.641344838507653,0.006181642816908565,8.955367253904898e-05,-0.05364419834851657
453.8,0.5085380330563418,0.01167610837014943,0.51875,-0.3162499999999999,150.32152563215868,8.189438126391105e-09,-18.620420546271102,0.006652407203789497,9.049551439928449e-05,-0.053704479848617516
V45.01,0.6596528896045804,-0.004083246732707546,0.6625,-0.16249999999999998,99.04301670603624,8.67455751570765e-09,-18.562871519249235,0.010096622995319713,9.313730464055555e-05,-0.05387097567114145
518.84,0.5944849228105613,0.007534568200632252,0.5979166666666667,-0.3070833333333334,136.62838215560038,8.540330263462003e-09,-18.578466157357163,0.007319123480955382,9.241390730545918e-05,-0.05382575674063357
584.5,0.6273936170212766,0.0005968324991701968,0.6375,-0.26250000000000007,122.70708107598398,8.717301562319653e-09,-18.557956100778675,0.008149488939279465,9.336649057515042e-05,-0.05388524439704009
486,0.5642089583998298,-0.0035321414447412325,0.575,-0.2250000000000001,118.3445255369972,8.599905624965407e-09,-18.571514607588394,0.008449905016412249,9.273567611747598e-05,-0.053845904393354974
V09.0,0.5798181336629293,0.013151466996262684,0.5875,-0.3524999999999999,156.27547060822573,8.614125382835376e-09,-18.569862494716297,0.006398956893925769,9.281231266828435e-05,-0.05385069492488332
397.0,0.6611224454510876,-0.029689310257423385,0.6708333333333333,-0.1941666666666667,100.85092351980283,8.588588789710008e-09,-18.572831399695673,0.009915625609552723,9.267463940965732e-05,-0.05384208678146864
070.54,0.5381355932203391,0.016221851296120526,0.5416666666666666,-0.30333333333333334,147.30873110976052,8.552212502240087e-09,-18.577075815281667,0.006788463877642763,9.247817311257877e-05,-0.05382978515797363
041.11,0.5514176245210727,0.01262163789899906,0.5666666666666667,-0.3158333333333334,155.3853881175502,8.614412031119093e-09,-18.56982921873043,0.006435611559843017,9.281385689173299e-05,-0.05385079142199927
765.26,0.8847717111502507,-0.004570692477867233,0.8833333333333333,-0.09166666666666667,39.783645683052725,8.927241296602922e-09,-18.534158415137686,0.025135956819210915,9.448407959335224e-05,-0.053954432545653366
458.29,0.5810268966006671,0.013922299265734517,0.5875,-0.21000000000000008,121.00390882601593,8.493263187593598e-09,-18.583992553862213,0.008264195840465272,9.215890183587041e-05,-0.05380975035917001
276.7,0.6127571718342509,0.01619223006807069,0.61875,-0.2287499999999999,124.93277421366183,8.938307487791164e-09,-18.53291958472312,0.008004304765455585,9.454262259844057e-05,-0.0539580391221419
765.28,0.8951612903225807,-0.0036241347786338807,0.8916666666666667,-0.07333333333333325,45.71414819713701,9.036456926942143e-09,-18.521998672228467,0.021875065804302315,9.506028049055053e-05,-0.05398985377854394
507.0,0.5588276836158192,-0.004375062271268049,0.5708333333333333,-0.25416666666666665,122.53708336552124,8.463631722310572e-09,-18.58748747384627,0.008160794859275834,9.199799846904591e-05,-0.05379963275870722
779.89,0.889795918367347,0.026542586983794525,0.8875,-0.04250000000000009,43.68865336729473,9.146869715975664e-09,-18.509854123734762,0.02288923834737829,9.563926869218346e-05,-0.054025277201818836
428.21,0.699387734618087,0.004290622520902065,0.6916666666666667,-0.22333333333333338,106.89430616274088,8.686607442645946e-09,-18.561483371748515,0.009355035229636585,9.320197123798373e-05,-0.05387500449032263
443.9,0.6163502109704642,-0.00891046186054123,0.6229166666666667,-0.19708333333333328,111.7038198401209,8.80693720770141e-09,-18.547726106965538,0.008952245334414499,9.384528335351442e-05,-0.053914964790452304
578.9,0.540084388185654,0.0022692621352338183,0.55,-0.2799999999999999,134.58249781704512,8.528953118373465e-09,-18.579799212356466,0.007430386686383437,9.235233141818058e-05,-0.053821894874673974
780.57,0.5495901639344263,0.03687738651576655,0.54375,-0.24625000000000008,139.34978065773026,8.696850188670452e-09,-18.56030492412007,0.00717618639426632,9.325690424129708e-05,-0.053878425170722735
274.9,0.623924598608143,0.012570886817749871,0.6291666666666667,-0.16083333333333338,109.32986820800224,8.688945160586564e-09,-18.561214290469994,0.009146631349609607,9.321451153434515e-05,-0.05387578551439043
997.4,0.5210176014688488,0.0003055165664180848,0.5208333333333334,-0.38916666666666666,172.44495712928787,8.493812837774185e-09,-18.583927839937353,0.005798951831628604,9.216188386623933e-05,-0.05380993773829521
276.5,0.5360751097050719,0.02891354062399809,0.5333333333333333,-0.29666666666666663,141.72056086861755,7.886932336645084e-09,-18.6580585816665,0.007056139164782539,8.880840239890076e-05,-0.05359614429459478
998.59,0.5333333333333333,0.00029112081513826826,0.55,-0.30499999999999994,141.94423096503544,8.710382164905753e-09,-18.558750170476724,0.0070450203801965434,9.332942818267855e-05,-0.0538829388193824
787.91,0.5889781035009249,0.021181493331433487,0.5958333333333333,-0.23416666666666663,126.494824684659,8.7945701569163e-09,-18.549131333525285,0.007905461764881815,9.377936956983823e-05,-0.05391088035441435
401.9,0.5782667876588021,0.038415063995550724,0.5833333333333334,-0.2466666666666666,133.34673691899025,8.428280736197284e-09,-18.59167303161651,0.007499246124091601,9.180566832280719e-05,-0.053787520805654576
562.10,0.5553287981859409,0.01619836340333225,0.5666666666666667,-0.2433333333333334,131.774012618568,8.360108224566986e-09,-18.599794464411225,0.007588749709660826,9.143362742758808e-05,-0.053764034968956036
287.5,0.5676855895196505,0.001318764113492965,0.5833333333333334,-0.22166666666666668,123.35368338510817,8.847611856531187e-09,-18.54311826106139,0.008106770487574468,9.40617449154075e-05,-0.053928362313252105
572.3,0.6835470085470086,-0.005676526845036056,0.6875,-0.27249999999999996,120.4284202263189,8.658007317082264e-09,-18.564781242803132,0.008303687768391535,9.304841383431672e-05,-0.05386543406686585
593.9,0.6056980433632999,0.031856275722530136,0.6,-0.18000000000000005,107.77854916508598,8.447338233456992e-09,-18.589414447158617,0.009278284108911926,9.190940231258711e-05,-0.05379405590437247
E879.0,0.7063548310890622,-0.01857599612208194,0.7041666666666667,-0.2008333333333333,112.57270246603322,8.576470001149769e-09,-18.57424342988112,0.008883148206393392,9.260923280726262e-05,-0.053837993659072034
715.90,0.5870046763475265,0.009321385150100614,0.5916666666666667,-0.21333333333333337,119.58523890133125,8.758092741374709e-09,-18.553287679290694,0.008362236085216933,9.358468219412143e-05,-0.05389880312782552
585.3,0.7415229885057472,-0.01812923666371935,0.74375,-0.20624999999999993,95.73251665382944,8.895668706237257e-09,-18.53770134088734,0.010445771561777893,9.431685271592377e-05,-0.05394412077372119
428.0,0.6318067897015265,0.006531459305050724,0.6416666666666667,-0.21833333333333327,111.77906087471177,8.307516698484736e-09,-18.6061051056525,0.008946219373956414,9.114557969800146e-05,-0.05374579979644433
997.31,0.6624750641208321,0.026881843781849102,0.6666666666666666,-0.2583333333333334,139.50191028940685,8.84514525910463e-09,-18.54339708673298,0.00716836061904405,9.404863241485561e-05,-0.05392755142559385
305.1,0.519256745626462,0.03926306861249218,0.5104166666666666,-0.2745833333333334,134.385741435345,8.690813545501164e-09,-18.560999283466344,0.007441265638148932,9.322453295941559e-05,-0.05387640960100537
V45.81,0.6160256410256411,-0.00844017094017091,0.625,-0.255,125.89549921954972,8.575324636876076e-09,-18.5743769860832,0.007943095711913383,9.260304874503903e-05,-0.05383760654525571
V15.82,0.5762014368417382,0.013013110850548792,0.5833333333333334,-0.22916666666666663,124.02371348830403,8.462292315688875e-09,-18.587645740729837,0.008062974183516158,9.199071863883266e-05,-0.05379917467486312
571.2,0.6666666666666667,-0.022988505747126298,0.68125,-0.22125000000000006,113.15529101337218,8.725476826413134e-09,-18.557018719759448,0.008837412648091061,9.341026081974685e-05,-0.05388796633239387
E888.9,0.5033345033345034,0.013623266142531176,0.5125,-0.2725000000000001,130.31084818512886,8.778450545315846e-09,-18.55096592034957,0.007673958184811512,9.36933858141323e-05,-0.05390554886972464
599.0,0.5720578980490875,0.011885484255984013,0.5833333333333334,-0.22166666666666668,117.41668194376693,8.50569479504389e-09,-18.582529921896274,0.008516677387280616,9.222632376411786e-05,-0.053813985727620126
V66.7,0.6012766421764748,0.01601673153183958,0.6125,-0.24249999999999994,133.46373164711878,8.76067981401992e-09,-18.552992330669,0.00749267226128536,9.359850326805401e-05,-0.053899661153147316
070.70,0.5084039548022599,0.01271461998249035,0.5125,-0.3325,159.49446376873163,8.281551399808845e-09,-18.6092355189736,0.006269810101057857,9.100302961884756e-05,-0.0537367587712252
348.30,0.5677966101694915,0.021541103561561914,0.5791666666666667,-0.25583333333333325,134.14267334258585,8.419380295138846e-09,-18.592729610552883,0.007454749298503306,9.175718116386774e-05,-0.053784464193596344
536.3,0.5897970421648836,-0.022960129669367335,0.6125,-0.2825,125.73963389393464,8.557125904434273e-09,-18.57650146200015,0.007952941877049934,9.250473449739896e-05,-0.05383144948178682
311,0.5224727352843975,0.011548205182308036,0.5416666666666666,-0.2333333333333334,125.02976167831197,8.686624299877668e-09,-18.561481431150245,0.007998095705987921,9.320206167181962e-05,-0.05387501012294096
410.71,0.6150655384104861,0.0023083665762351213,0.6104166666666666,-0.2370833333333333,118.79011917436313,8.74697419906804e-09,-18.554558002202302,0.008418208576187846,9.352525968457954e-05,-0.053895112989557965
416.8,0.6624750641208321,-0.005569013014154134,0.6645833333333333,-0.17041666666666666,97.8357960266828,8.560744123089386e-09,-18.576078720303524,0.010221207785004065,9.252428936819448e-05,-0.05383267454110253
770.81,0.8943019566367002,-0.017764988969994344,0.8916666666666667,-0.07333333333333325,33.021799384700174,8.930700159889965e-09,-18.533771039768727,0.030283025717348554,9.450238176834468e-05,-0.0539555602502187
765.19,0.9183659869385581,-0.002202519404006953,0.9166666666666666,-0.033333333333333326,34.19123578698617,9.359636596462164e-09,-18.486859372374926,0.02924726108848686,9.674521485046257e-05,-0.054092476166844684
431,0.5397517376612917,0.018227129298148737,0.5395833333333333,-0.3404166666666667,156.05380176460073,8.313840134403818e-09,-18.605344224782453,0.006408046383313682,9.118026175880291e-05,-0.05374799777517649
276.6,0.5478260869565218,0.02059892815041564,0.5583333333333333,-0.2516666666666667,136.0992090397877,8.40133705504063e-09,-18.594874970544733,0.007347581275859264,9.165880784213064e-05,-0.053778258879613496
272.0,0.526425509914778,0.027498471288168513,0.5208333333333333,-0.3191666666666667,155.75704902777562,8.164662835290138e-09,-18.623450405278604,0.006420255174593565,9.035852386626365e-05,-0.05369574263835457
276.51,0.5567418822234452,0.021102312588059724,0.5666666666666667,-0.2533333333333333,126.98585263139755,8.546403672639629e-09,-18.57775526556753,0.007874892984360272,9.244676128799552e-05,-0.05382781642373257
583.81,0.6863165732926744,-0.03661903454311155,0.69375,-0.26625,101.19107260230271,8.747433389183849e-09,-18.55450550655607,0.009882294695404225,9.352771455127004e-05,-0.05389526547321129
V12.54,0.595659407138536,0.010425483824238246,0.6083333333333333,-0.22666666666666668,119.93263103422541,8.695175918191152e-09,-18.560497457235442,0.008338014361701345,9.324792715224908e-05,-0.053877866275085735
V42.2,0.6396740514387573,-0.015423072488362166,0.6458333333333334,-0.2041666666666666,104.81815466449521,8.629023294030158e-09,-18.568134513918707,0.00954033204649354,9.289253626653844e-05,-0.05385570635813728
038.9,0.7167283916496232,-0.018241250002823395,0.725,-0.21999999999999997,98.15561230666322,8.818553716706924e-09,-18.54640795807115,0.010187904455995288,9.390715476845693e-05,-0.05391879668886575
300.00,0.5353305393146031,0.02106305294411226,0.5416666666666666,-0.2483333333333334,127.49965556154359,8.702992350727264e-09,-18.559598922063095,0.007843158443022647,9.328982983545025e-05,-0.05388047469125154
V12.51,0.5636702813905645,0.007916541459609405,0.5708333333333333,-0.27416666666666667,135.08266810348522,8.805039566714144e-09,-18.54794160134404,0.007402874210582752,9.383517233273536e-05,-0.05391433839362191
428.23,0.7682975206611571,-0.0034745614664438706,0.7625,-0.1775,85.07658549922762,8.80716888746242e-09,-18.547699800803898,0.011754115355382695,9.384651771622866e-05,-0.053915041257927725
V15.81,0.5254237288135593,0.012380250552689653,0.5416666666666666,-0.28833333333333333,139.713050468058,8.546463090730528e-09,-18.577748313183037,0.0071575274940305295,9.244708265126882e-05,-0.05382783656781407
E879.8,0.5557860765329645,0.008396719853472345,0.56875,-0.26125,131.8771152277508,8.5140795172848e-09,-18.58154462999224,0.007582816762961545,9.227176988269381e-05,-0.05381683923014195
276.0,0.614075286415712,0.00331368475780347,0.625,-0.22999999999999998,119.12719480118079,8.419544957564596e-09,-18.592710053197138,0.008394388885501465,9.175807843217182e-05,-0.05378452076856023
433.10,0.6208417251198,0.015901361877728948,0.6208333333333333,-0.1991666666666666,113.86912230978433,8.515882686426198e-09,-18.581332865676316,0.008782012012698844,9.228154033405704e-05,-0.0538174525599944
577.0,0.528386444686004,0.003379498312011231,0.5458333333333333,-0.2716666666666666,133.90900549403707,8.458267498229873e-09,-18.588121471743367,0.007467757648640962,9.19688398221369e-05,-0.0537977977774755
250.40,0.7188069949576226,-0.03760513511179653,0.725,-0.21999999999999997,94.56482877397086,8.82129226394452e-09,-18.546097462473558,0.010574756100814216,9.392173477925395e-05,-0.05391969938815508
428.33,0.7540983606557377,-0.00694451803419982,0.75,-0.18999999999999995,90.9876917513036,8.916391831885468e-09,-18.535374475339815,0.010990497514029668,9.442664789075945e-05,-0.053950892728411776
682.6,0.5672316384180791,0.0024799344258688016,0.575,-0.245,127.48963538639308,8.602589361296534e-09,-18.571202590482148,0.007843774883889343,9.275014480472003e-05,-0.05384680906515478
493.90,0.5250278086763069,0.0229143413414159,0.5125,-0.26250000000000007,124.75945258645933,8.78658702517135e-09,-18.5500394799244,0.008015424717473746,9.373679653781299e-05,-0.05390824106235678
287.4,0.5596483963258546,0.013803697289666128,0.575,-0.255,139.07123427975628,8.503084545031622e-09,-18.58283685162716,0.007190559609102165,9.221217134972814e-05,-0.05381309689066325
430,0.5903778068771521,0.042709361905802656,0.5791666666666667,-0.2858333333333333,138.99347240932747,8.470081020664016e-09,-18.58672576272442,0.0071945824697080725,9.203304309140286e-05,-0.053801837546099414
415.19,0.5245901639344263,0.020284054460985357,0.5291666666666667,-0.25583333333333336,131.01953841729505,8.450240624123555e-09,-18.58907091975513,0.007632449419986633,9.192519036762205e-05,-0.05379505002249853
482.41,0.5953930015825567,-3.823814268666403e-06,0.6041666666666666,-0.2958333333333334,134.09256859493362,8.365662908969904e-09,-18.599130257713337,0.0074575348244748495,9.146399788424899e-05,-0.05376595497444216
996.74,0.5371207353586208,0.004077162215389563,0.55,-0.30499999999999994,142.41767691913157,8.604341837975492e-09,-18.570998896207474,0.007021600279070876,9.275959162251358e-05,-0.05384739967887337
305.00,0.5996108949416342,0.01463065778748407,0.5708333333333333,-0.26416666666666666,132.52125329025563,8.426866848375687e-09,-18.591840800877243,0.007545959422899079,9.179796756124662e-05,-0.05378703543722339
E933.1,0.5366899898034527,0.0014481543342506065,0.5479166666666666,-0.30208333333333337,143.90072502302996,8.629131005877644e-09,-18.56812203148917,0.00694923531372034,9.289311603061684e-05,-0.053855742562663435
342.90,0.5183609493954322,-0.00811059414637727,0.5375,-0.3375,165.45521336829205,8.394130160209966e-09,-18.595733165816185,0.006043931645563008,9.161948570151421e-05,-0.05377577700664479
572.2,0.75,-0.02020165385173356,0.7541666666666667,-0.2008333333333333,94.48466656349825,8.436681616410138e-09,-18.590676779062598,0.010583727882745416,9.185141053032413e-05,-0.05379040321577917
438.89,0.5683255533805149,0.01779265426127874,0.575,-0.25,127.71954455226191,8.934626491006779e-09,-18.53333149211793,0.00782965523018137,9.452315320071998e-05,-0.05395683989277867
995.92,0.7789518473867103,-0.037892124244495395,0.7791666666666667,-0.1908333333333333,77.41679013425674,8.787363573872086e-09,-18.549951104951813,0.012917094576845577,9.374093862273881e-05,-0.05390849788995159
998.12,0.5477719646400866,0.02346938953279043,0.5604166666666667,-0.24958333333333338,140.01384250053394,8.543223868131834e-09,-18.578127398258765,0.007142150962653472,9.242956165714427e-05,-0.05382673821548479
250.80,0.6209831254585474,-0.003199881077400324,0.6354166666666666,-0.2170833333333334,117.69120769657673,8.576782609413946e-09,-18.574206981019632,0.008496811440478463,9.26109205731913e-05,-0.05383809930738184
250.02,0.5787234042553192,0.009116856505190785,0.5875,-0.25249999999999995,130.8340257699742,8.689946687326155e-09,-18.561099032633138,0.0076432716498241035,9.321988354061678e-05,-0.05387612006389563
428.30,0.6477884040645547,0.01294705763780779,0.6416666666666667,-0.2483333333333333,125.67413600806834,8.32892399260945e-09,-18.60353156166704,0.007957086730525042,9.126293876820672e-05,-0.05375323479228646
327.23,0.6055361432627211,0.011295614524375663,0.6145833333333334,-0.21041666666666659,124.7329362665038,8.709969515482424e-09,-18.558797546032736,0.008017128674525907,9.332721744208612e-05,-0.05388280127091355
774.6,0.8846956571461246,0.08469565714612459,0.875,-0.05500000000000005,55.461156239241305,8.602111853429562e-09,-18.571258099480666,0.018030637437242144,9.274757060661785e-05,-0.05384664811846885
576.1,0.5470407967822257,-0.011208439578598517,0.5666666666666667,-0.2833333333333333,135.13054445122532,8.605340153285836e-09,-18.57088287833893,0.0074002513943910355,9.276497266363978e-05,-0.05384773607971
V45.89,0.5799592564298446,0.009844654154714583,0.5875,-0.25249999999999995,123.21947503087841,8.831865612001702e-09,-18.544899563559852,0.008115600230802827,9.397800600141345e-05,-0.05392318230533687
276.8,0.5278990513033066,0.01164669725434242,0.5479166666666666,-0.24208333333333343,129.60182056164615,8.82161764422212e-09,-18.546060577370213,0.007715940992698802,9.392346695167358e-05,-0.05391980662568275
414.8,0.6947379618466776,-0.0027410297499610436,0.6958333333333333,-0.1841666666666667,91.42975312243775,8.672101780629393e-09,-18.5631546556218,0.010937358637082334,9.312412029452624e-05,-0.053870153998698316
441.4,0.5586534264513313,0.013604725152630004,0.5666666666666667,-0.22583333333333333,129.51141334566853,8.456101609457069e-09,-18.588377572195103,0.0077213272109924415,9.195706394539285e-05,-0.053797056580980024
V58.65,0.5639896080424714,0.015398452976227661,0.5729166666666666,-0.24708333333333332,128.01968618209756,8.679320836442856e-09,-18.562322555984863,0.007811298635567514,9.31628726287616e-05,-0.053872568854676
412,0.659778911564626,0.008797440274954327,0.6583333333333333,-0.19666666666666666,109.9171961648083,8.640545897362826e-09,-18.56680007356124,0.009097757538325615,9.295453672286697e-05,-0.05385957709664685
E878.2,0.6202621829581078,0.01357450788807979,0.625,-0.25,125.90211913259618,8.536353160051132e-09,-18.578931950788373,0.007942678065226458,9.239238691608272e-05,-0.05382440727210728
995.91,0.5260889292196007,0.012305779300784137,0.5333333333333333,-0.3666666666666667,168.9840441933506,8.282559810241506e-09,-18.60911376050179,0.005917718473205704,9.100856998240059e-05,-0.05373711036806706
427.32,0.6249934885659219,0.0015538821440159722,0.625,-0.19999999999999996,113.65393704721009,8.542782011103698e-09,-18.57817911977067,0.008798639325486942,9.242717138971472e-05,-0.053826588362247636
V10.11,0.5391304347826087,-0.009891779001329093,0.5583333333333333,-0.25416666666666665,127.16290597501487,8.490787073931816e-09,-18.584284134921056,0.007863928496541918,9.214546692014651e-05,-0.05380890610259968
278.00,0.5768385220906319,0.011638393524335267,0.5791666666666667,-0.24583333333333324,124.28635684485414,8.40337014308039e-09,-18.594633004049786,0.008045935413878883,9.166989769319256e-05,-0.05377895868029268
428.22,0.7372735116479724,-0.008998402224145274,0.73125,-0.20875,96.79404916352453,8.349033300777963e-09,-18.601120077147705,0.010331213629782066,9.13730447165791e-05,-0.05376020346369056
780.39,0.5288221343873518,0.027809988638363814,0.5083333333333333,-0.29666666666666675,129.71382707378393,8.267498880966148e-09,-18.61093380642596,0.0077092783595936855,9.09257877665415e-05,-0.053731855177235714
733.00,0.5376290376290377,0.006588861514563393,0.5520833333333334,-0.2629166666666666,128.28750586378754,8.686653660598953e-09,-18.56147805116388,0.007794991361526468,9.32022191828014e-05,-0.05387501993340966
357.2,0.6695097112097185,-0.024264393473477086,0.6770833333333334,-0.2829166666666666,122.37175300456954,8.791523963072953e-09,-18.54947776563841,0.008171820501440871,9.376312688404196e-05,-0.05390987350880729
293.0,0.5836909871244635,0.014140355200606525,0.5958333333333333,-0.20416666666666672,117.88772816135328,8.730675920714978e-09,-18.5564230450388,0.008482647138905732,9.343808602874407e-05,-0.053889696175436
V15.3,0.5399499925361995,0.009245875568134831,0.5583333333333333,-0.2566666666666666,138.2038036996998,8.452724999688412e-09,-18.588776962394267,0.007235690865447376,9.193870240376689e-05,-0.05379590072133494
E885.9,0.5154472375502419,0.01027669736024639,0.5208333333333334,-0.26916666666666667,127.59388866710825,8.814665439537778e-09,-18.54684897535764,0.007837365962009313,9.388644971207388e-05,-0.05391751457774066
518.0,0.5379532361911217,0.009408413297958829,0.5541666666666667,-0.23083333333333333,127.66785170406446,8.574049698600333e-09,-18.574525672356316,0.007832825465865998,9.259616459983823e-05,-0.0538371755833452
403.90,0.729952998148412,-0.031951763756349894,0.7333333333333333,-0.2416666666666667,100.00243875511134,8.60954022179126e-09,-18.57039492042145,0.009999756130436247,9.278760812625391e-05,-0.053849150989262067
288.60,0.5708206686930092,0.01600804857769844,0.5791666666666667,-0.25583333333333325,132.19653707497554,8.572735580881656e-09,-18.574678950968,0.007564494669272978,9.25890683659883e-05,-0.05383673131792601
V70.7,0.6134453781512604,0.018827728105561214,0.6166666666666667,-0.20333333333333325,110.73408313376072,8.477077739063754e-09,-18.585900052775457,0.009030643246416325,9.207104723561991e-05,-0.05380422778345183
787.20,0.5919706723891273,0.018670538315195162,0.6041666666666666,-0.24083333333333334,134.86438039843227,8.900784255526028e-09,-18.537126445492103,0.0074148562952329,9.434396777497768e-05,-0.053945793752902954
285.1,0.5054312735007026,0.005431273500702605,0.525,-0.27,134.02423665790616,8.314153336775954e-09,-18.6053065530847,0.007461337030797478,9.118197923260908e-05,-0.05374810660317786
285.9,0.5443069527285676,0.015920508042563508,0.5541666666666667,-0.22583333333333333,117.22698965254867,8.496474135006316e-09,-18.583614567152946,0.008530458753260825,9.217632090187977e-05,-0.05381084483787819
458.9,0.5330422125181951,0.003873520247898554,0.55,-0.22499999999999998,118.48551005161747,8.288186520564725e-09,-18.608434646788123,0.008439850573832668,9.103947781355473e-05,-0.05373907150070806
E878.1,0.5695891415994131,0.01814731323834251,0.5833333333333334,-0.23666666666666658,126.29902893964773,8.619890076016552e-09,-18.569193504554377,0.007917717249258126,9.28433631231471e-05,-0.05385263499756922
427.1,0.5865040505652988,0.008726272787520917,0.5958333333333333,-0.21416666666666673,115.13931137299974,8.309045752684306e-09,-18.60592106587792,0.008685130978076189,9.115396728987886e-05,-0.05374633142101934
553.3,0.5322234528589229,0.005467100093601629,0.5416666666666666,-0.2783333333333333,141.00645449607075,8.72986213857925e-09,-18.556516258905816,0.0070918739399114935,9.343373126756337e-05,-0.05388942547446483
E849.7,0.5555717939349653,0.010462582159086797,0.5666666666666667,-0.2833333333333333,145.02704927344263,8.722672690773132e-09,-18.55734014475198,0.006895265435033023,9.339524982981272e-05,-0.05388703295837363
785.0,0.5333425951653237,0.02153346622740493,0.5416666666666666,-0.2633333333333334,133.27804516082995,8.322232584047555e-09,-18.604335278681088,0.00750311124981819,9.122627134793767e-05,-0.05375091262443066
427.89,0.52991452991453,0.013651918861977697,0.5416666666666666,-0.20833333333333337,119.24384898958868,8.417523209319132e-09,-18.59295020762725,0.008386176800509947,9.174706103913702e-05,-0.05378382606488008
403.91,0.6652482269503546,-0.02153788727136996,0.6708333333333333,-0.25916666666666677,116.41679088980572,8.240270666638168e-09,-18.614232645671528,0.008589826195660639,9.077593660567854e-05,-0.05372233274588064
V58.61,0.6320287899235268,0.0009429807555259018,0.63125,-0.24624999999999997,118.80086360644273,8.598628547364586e-09,-18.571663117640515,0.008417447227595479,9.272879028308622e-05,-0.05384547380951241
E932.0,0.5442879557680813,0.01705326577188493,0.55,-0.29499999999999993,144.71029308319174,8.473485246110076e-09,-18.586323931676777,0.006910358473430188,9.205153581613985e-05,-0.05380300072655542
789.59,0.683652493779076,0.007039145737156582,0.6875,-0.24250000000000005,113.271666058182,8.793607245030164e-09,-18.549240828882887,0.008828333111003681,9.377423550757513e-05,-0.05391056212084472
286.9,0.6153761849964381,0.007412049975341062,0.625,-0.2124999999999999,115.29236949729894,8.673766266197554e-09,-18.562962738380325,0.008673600901431973,9.313305678542691e-05,-0.05387071094704213
511.9,0.5497872818936598,0.012287281893659796,0.5625,-0.23250000000000004,121.97933912324797,8.721289910312163e-09,-18.557498684470907,0.008198109673225887,9.33878466949108e-05,-0.053886572592717445
770.6,0.9047619047619048,-0.013731657605625558,0.9,-0.039999999999999925,30.71534061668428,8.970016732838307e-09,-18.529378295455114,0.032557021342514744,9.471017227752416e-05,-0.0539683514500473
197.7,0.521553325901152,-0.017204875969572653,0.5375,-0.35250000000000004,162.08548063965273,8.304053928734876e-09,-18.606522016235818,0.006169584074116995,9.112658189976663e-05,-0.053744595530933324
276.1,0.5545766590389016,0.007906304838075862,0.5708333333333333,-0.22416666666666674,120.34043550641094,8.660971642799584e-09,-18.5644389217283,0.008309758858623431,9.306434141388195e-05,-0.05386642732464023
459.81,0.6609068856129875,0.01893534089754023,0.6666666666666666,-0.19333333333333336,111.49039110762396,8.89260122726892e-09,-18.5380462287275,0.00896938283259478,9.430058975037706e-05,-0.053943117179757014
424.0,0.6088822141171423,0.0029473467714865587,0.6145833333333334,-0.19041666666666668,107.37747382234218,8.50331578043765e-09,-18.58280965769998,0.0093129402695254,9.221342516378865e-05,-0.05381317564029612
V44.0,0.5572420746051305,0.0014373909977564159,0.575,-0.31500000000000006,141.30058853648407,8.623729713740694e-09,-18.568748164441985,0.007077111357832725,9.286403886187965e-05,-0.05385392656220837
799.02,0.5714285714285715,0.010392089009133687,0.5875,-0.24249999999999994,126.80211118086015,8.499274005812585e-09,-18.583285088178748,0.007886304026702536,9.219150723256771e-05,-0.053811798896424554
365.9,0.5726141078838175,0.02359971310999387,0.575,-0.21500000000000008,118.86243926653164,8.369229837411127e-09,-18.598703971324856,0.008413086641757756,9.148349489066936e-05,-0.05376718730196372
496,0.5798319327731092,0.009656494176618069,0.5875,-0.1975,110.40034391266727,8.626937930371577e-09,-18.568376211688147,0.009057942797633447,9.288131098542687e-05,-0.05385500533808308
253.6,0.5333024976873265,0.026891296508254947,0.5333333333333333,-0.29166666666666663,145.7795324407819,8.60999128784977e-09,-18.570342530371423,0.006859673530687285,9.279003873180445e-05,-0.05384930290674607
425.4,0.6221276892499739,-0.004736353813967309,0.6270833333333333,-0.21791666666666665,110.53067784134569,8.773265999111931e-09,-18.551556694060118,0.009047261986716367,9.366571410666729e-05,-0.05390383224930027
518.89,0.5485978865613681,0.010133197903178681,0.5583333333333333,-0.21166666666666667,118.72188057084367,8.46381096537891e-09,-18.58746629603794,0.008423047168658018,9.199897263219253e-05,-0.05379969405583576
E934.2,0.6415084388185655,-0.00525005521265598,0.6458333333333334,-0.27416666666666667,126.99113928033188,8.488219611133064e-09,-18.58458656283877,0.007874565152081268,9.213153429273315e-05,-0.053808030467547376
414.00,0.6810344827586208,-0.019550164828805783,0.6895833333333333,-0.2554166666666666,118.24901967712441,8.788252453324579e-09,-18.549849955785618,0.008456729727912093,9.374567965151556e-05,-0.05390879184379086
515,0.5733001340739321,-0.005288887741690673,0.5875,-0.22749999999999992,118.2057003559197,8.631501482453296e-09,-18.567847362922752,0.00845982889986676,9.290587431617711e-05,-0.053856539234421553
E880.9,0.5828365583856674,0.03736717063056538,0.5583333333333333,-0.29166666666666663,130.79097070962953,8.114437571639206e-09,-18.629620945635047,0.00764578773729045,9.008017302180988e-05,-0.053677957426949245
296.80,0.5280574295104654,0.018988802059485055,0.525,-0.28,140.4780211198576,8.292543462682311e-09,-18.6079091039173,0.007118551300966772,9.106340353117881e-05,-0.053740589252420735
785.52,0.8354430379746836,-0.03954828086690276,0.8375,-0.13749999999999996,61.45592797516287,8.820684688795677e-09,-18.54616634082554,0.01627182328780627,9.391850024779824e-05,-0.053919499136525446
998.2,0.5108257568656857,0.02041036329664747,0.525,-0.28,142.46689513959282,8.467184707278703e-09,-18.58706776756275,0.0070191745178427144,9.201730656392146e-05,-0.053800847584208604
198.3,0.5427266916263355,-0.049243980762791795,0.55625,-0.35375,149.23672898995216,8.192800162797673e-09,-18.620010097296497,0.006700763322595527,9.05140882006645e-05,-0.053705663679806136
250.00,0.5941308306485502,0.025144806265558928,0.5916666666666667,-0.19833333333333336,114.72464268823333,8.420964263537793e-09,-18.592541494638972,0.008716523116289161,9.176581206276003e-05,-0.05378500837490899
V43.65,0.5831392405063291,0.022265072327260715,0.5875,-0.22250000000000003,123.37568337454209,8.391650779083274e-09,-18.596028580268893,0.008105324912075378,9.160595384080269e-05,-0.0537749227306006
492.8,0.5308383557688837,0.018337487653042328,0.5375,-0.24250000000000005,125.5214875064672,8.532240592973928e-09,-18.579413837839677,0.007966763459112746,9.237012825028408e-05,-0.053823011249329866
745.5,0.5,-0.009371073572525535,0.5125,-0.25250000000000006,122.77612542877017,8.428149719449034e-09,-18.59168857663342,0.008144905994611797,9.180495476524693e-05,-0.053787475832444254
338.29,0.5695891415994131,0.026037417461482026,0.5791666666666667,-0.28083333333333327,146.81443154245648,8.783203843541665e-09,-18.550424593406603,0.006811319496958413,9.371874862343001e-05,-0.0539071219078959
198.5,0.5185726765163887,-0.04375986879487992,0.53125,-0.32624999999999993,164.15965028719657,8.286519076908534e-09,-18.608635850200397,0.006091630910826774,9.103031954743723e-05,-0.05373849045410983
041.04,0.602510460251046,0.0037552735290543593,0.6041666666666666,-0.3108333333333334,144.98510669813066,8.664588063954233e-09,-18.564021455133467,0.006897260158466286,9.308376906826578e-05,-0.05386763866960907
996.62,0.5304347826086956,0.006092959744194326,0.5458333333333333,-0.3191666666666667,147.62752356532593,8.755306483094104e-09,-18.55360586518578,0.00677380461210199,9.356979471546416e-05,-0.05389787878788633
426.0,0.567160107659853,-0.003015330936638083,0.5770833333333334,-0.24791666666666656,127.18499452543314,8.57962239665074e-09,-18.57387593412936,0.007862562747526244,9.262625112056915e-05,-0.05383905887744772
785.59,0.5505401805535001,0.00544585551870802,0.5583333333333333,-0.28916666666666657,142.2060965854513,8.402813881857244e-09,-18.59469920125702,0.007032047317318091,9.166686359779767e-05,-0.05377876722697397
578.1,0.5652173913043478,0.004872563718140821,0.575,-0.265,127.8081627405159,8.393769453739428e-09,-18.595776138013886,0.007824226391785807,9.161751717733584e-05,-0.05377565273846131
285.21,0.7226890756302521,0.016299623297594823,0.725,-0.21499999999999997,109.15303555392855,8.67378904181564e-09,-18.56296011257886,0.009161449289295636,9.313317905996574e-05,-0.05387071856725953
564.00,0.5610234776228907,0.013606160640356246,0.575,-0.23250000000000015,126.68718751572887,8.613544665874911e-09,-18.569929911489318,0.00789345804899051,9.28091841677046e-05,-0.05385049942387206
250.60,0.7194893804335865,-0.039764997273060154,0.7270833333333333,-0.24291666666666667,100.7487120511231,8.884799186297656e-09,-18.53892397702485,0.009925685198760338,9.425921273964501e-05,-0.05394056317612028
424.1,0.6091072028677047,0.01761121402288124,0.6125,-0.1975,108.52062867713985,8.533647153041121e-09,-18.57924899905821,0.009214837880962742,9.23777416537183e-05,-0.05382348877775902
585.6,0.7639646278555636,-0.05498743457475963,0.7666666666666667,-0.19833333333333325,80.34795127594836,8.684262682649759e-09,-18.561753336349426,0.012445868054128513,9.31893914705411e-05,-0.05387422092511611
285.29,0.5969918521751783,0.020567970666550917,0.6020833333333333,-0.22791666666666666,124.98123697266152,8.765860247487502e-09,-18.552401177640476,0.008001201014026935,9.362617287643184e-05,-0.05390137860996717
790.92,0.6455398642993251,-0.009400602686912785,0.65625,-0.20875,111.11912505954174,8.934564444994316e-09,-18.533338436585947,0.008999350916992579,9.45228249947827e-05,-0.05395681967507476
997.1,0.6558688524590164,0.00323783338235506,0.65625,-0.23375,116.37555885177892,8.360718606820287e-09,-18.599721455790334,0.00859286958418515,9.143696521003028e-05,-0.053764246006420005
785.51,0.6775510204081633,0.01671976202854253,0.68125,-0.22125000000000006,110.37420715441226,1.6085552386001643e-09,-20.247929428154226,0.009060087730469596,4.010679791008208e-05,-0.0493877659712467
278.01,0.5825943922406458,-0.0003903418279150861,0.5958333333333333,-0.27416666666666667,127.8735147080493,8.550689297114202e-09,-18.5772539377018,0.007820227685796554,9.246993726132943e-05,-0.05382926902724517
349.82,0.6437768240343348,0.017689867512595603,0.65,-0.19999999999999996,113.50446340650836,8.795294858105201e-09,-18.549048933667333,0.008810226223602937,9.378323335279713e-05,-0.05391111984102626
427.5,0.568395061728395,0.007520893549326613,0.5833333333333334,-0.2516666666666666,125.48243913805265,8.469506776074324e-09,-18.586793561846427,0.007969242603738559,9.20299232645248e-05,-0.053801641292919124
779.3,0.8661064425770308,-0.023253256104701747,0.8666666666666667,-0.07833333333333325,35.70140494716685,8.729746716675812e-09,-18.556529480496792,0.028010102164882922,9.343311359831595e-05,-0.053889387078064135
414.01,0.5792994883903975,0.013504952030259032,0.5833333333333334,-0.2991666666666667,139.08930892417516,8.49110458066284e-09,-18.584246741356484,0.007189625196463894,9.214718975998584e-05,-0.053809014372083665
008.45,0.5979004858672908,-0.000804284643647013,0.6083333333333333,-0.21166666666666667,113.44923451155557,8.427649122294387e-09,-18.59174797425195,0.00881451518210238,9.180222830789233e-05,-0.053787303990185234
V31.01,0.8661064425770308,0.002367783036978821,0.8666666666666667,-0.09333333333333327,48.82221454179256,8.54508186287793e-09,-18.57790994021668,0.020482479325963077,9.243961197926963e-05,-0.05382736826790412
V05.3,0.9262295081967212,-0.022705737348693966,0.925,-0.04999999999999993,30.92981470549917,8.97557902257347e-09,-18.528758389603105,0.0323312638475718,9.473953252245585e-05,-0.05397015703767404
V30.00,0.9183659869385581,-0.013884021498551724,0.9166666666666666,-0.04083333333333339,26.850410840188328,8.821726921611723e-09,-18.546048189992163,0.037243377985980416,9.392404868622159e-05,-0.05391984264009521
280.0,0.5243418228645013,3.9247757205096434e-05,0.5416666666666666,-0.2658333333333335,128.76029841585495,8.463248662579556e-09,-18.587532734369457,0.007766369077293662,9.199591655383165e-05,-0.05379950175694595
250.50,0.826177370030581,-0.0004892966360856565,0.8333333333333334,-0.15666666666666662,73.93725606693155,1.873602184911309e-09,-20.095402956929014,0.013524981223197572,4.328512660153957e-05,-0.049762624921895086
434.91,0.5172413793103449,0.01320885898514157,0.51875,-0.3012499999999999,139.82974713995074,8.233640141993282e-09,-18.615037618465173,0.007151554089553883,9.07394078776872e-05,-0.05372000962319038
434.11,0.560017730496454,0.010017730496453936,0.56875,-0.25125,135.0914124407723,8.408543076531851e-09,-18.594017615004276,0.0074023950296502146,9.169810835852532e-05,-0.053780738552869765
348.5,0.5571940565967297,-0.027668943336277563,0.5625,-0.3275,142.69577872597046,8.187020616911784e-09,-18.62071578830539,0.007007915783692354,9.048215634539103e-05,-0.05370362833355971
V58.67,0.6153846153846154,0.026369463869463927,0.625,-0.245,128.68418991212627,8.549229855087878e-09,-18.577424633483094,0.007770962390040792,9.246204548401403e-05,-0.05382877442536605
491.21,0.5970745144530842,0.006766144409031338,0.6020833333333333,-0.2679166666666667,133.01530254050107,8.543124285066883e-09,-18.578139054706835,0.007517932004067846,9.242902295852144e-05,-0.05382670444307212
427.31,0.5864905284147557,0.0018522420597311129,0.5916666666666667,-0.23833333333333329,120.93033962081995,8.50203106719859e-09,-18.582960752911738,0.008269223448272158,9.22064589234322e-05,-0.053812738093595304
276.4,0.6410214258315525,0.009214636130026044,0.6541666666666667,-0.1958333333333333,113.08446473124133,8.942957397795134e-09,-18.53239949734244,0.008842947635438863,9.456721100780722e-05,-0.05395955338343536
263.9,0.5586309740306976,0.01915425221461453,0.5666666666666667,-0.2633333333333333,133.65800639755577,8.712995640483548e-09,-18.55845017404359,0.007481781503051711,9.334342848044284e-05,-0.0538838098344349
276.2,0.5818881391847432,-0.0030611613851627695,0.59375,-0.22624999999999995,113.92923776560158,8.731468507083867e-09,-18.55633226737141,0.008777378130602467,9.344232717074135e-05,-0.053889959804090885
272.4,0.5684171335366286,0.02750466143149599,0.5666666666666667,-0.2833333333333333,135.00611369497378,8.69437178449153e-09,-18.560589941952575,0.0074070719660840785,9.32436152478631e-05,-0.05387759780952307
765.18,0.8777631409844493,0.0007222218149270931,0.875,-0.07999999999999996,45.30979862880519,8.907022000879588e-09,-18.536425882433537,0.02207028126945286,9.437702051283241e-05,-0.05394783257260358
E878.8,0.5274281135938752,0.013917383980141196,0.5354166666666667,-0.3145833333333333,146.85156500900544,8.144755778777162e-09,-18.62589157953136,0.006809597159816966,9.024830069744894e-05,-0.05368870508722035
996.81,0.6322451698867422,-0.019439542459734893,0.6416666666666667,-0.2633333333333333,118.71187318638974,8.704570478359563e-09,-18.55941760688967,0.008423757229657207,9.329828764966463e-05,-0.053881001073480754
557.0,0.5470407967822257,-0.014516898396159106,0.5708333333333333,-0.24916666666666665,128.1947802717442,8.458017060309483e-09,-18.588151080836255,0.007800629619086082,9.19674782752549e-05,-0.05379771208288519
411.1,0.5215010414566955,0.03295845377617679,0.5125,-0.4175000000000001,199.02173408779498,8.04922974386429e-09,-18.637689434085956,0.005024576861333483,8.97174996523214e-05,-0.0536547195690002
585.9,0.7388598232004331,-0.034526074368470994,0.74375,-0.19125000000000003,87.25820168659156,8.439216557650937e-09,-18.59037635756992,0.011460240764435373,9.186520863553806e-05,-0.053791272471619675
286.6,0.6813193183135604,-0.012194195199953128,0.69375,-0.19125000000000003,97.86637903263849,8.654043967281807e-09,-18.56523911458327,0.01021801368237502,9.302711415110009e-05,-0.05386410559153451
518.81,0.5826086956521739,0.004926703315009107,0.5958333333333333,-0.25416666666666665,128.07533696755038,8.470032635569e-09,-18.586731475212066,0.007807904501187168,9.20327802229673e-05,-0.05380182101052226
724.2,0.5234195220061968,0.004248368473809716,0.5416666666666666,-0.2658333333333335,140.67768113608756,8.419712133138213e-09,-18.59269019774001,0.007108448134232669,9.175898938598994e-05,-0.0537845782059851
584.9,0.6086956521739131,-0.0011101236317172525,0.6208333333333333,-0.22416666666666663,118.0059386019425,8.793383290702539e-09,-18.54926629706372,0.008474149791504975,9.377304138558448e-05,-0.05391048810153188
